name,datetime,tempmax,tempmin,temp,feelslikemax,feelslikemin,feelslike,dew,humidity,precip,precipprob,precipcover,preciptype,snow,snowdepth,windgust,windspeed,winddir,sealevelpressure,cloudcover,visibility,solarradiation,solarenergy,uvindex,severerisk,sunrise,sunset,moonphase,conditions,description,icon
london,2022-03-01,9.8,7.3,8.5,9.5,5.2,6.4,7.7,94.8,8.982,100,87.5,rain,0,0,32.4,18.2,67.4,1025.3,98.1,6,11.7,1,1,,2022-03-01T06:45:52,2022-03-01T17:40:44,0.96,"Rain, Overcast",Cloudy skies throughout the day with a chance of rain throughout the day.,rain
london,2022-03-02,8.3,6.4,7.3,6,3.5,5,5.5,88.8,7.423,100,58.33,rain,0,0,29.9,16.1,109.8,1020.6,88.8,8.8,31.2,2.6,2,,2022-03-02T06:43:42,2022-03-02T17:42:30,0,"Rain, Partially cloudy",Partly cloudy throughout the day with a chance of rain throughout the day.,rain
london,2022-03-03,12.8,6.5,9.4,12.8,5,8.7,6.1,80,0.201,100,8.33,rain,0,0,27,16.4,141,1015,81.3,11.7,46.6,3.8,2,,2022-03-03T06:41:32,2022-03-03T17:44:16,0.02,"Rain, Partially cloudy",Partly cloudy throughout the day with rain clearing later.,rain
london,2022-03-04,9.3,6.6,8.2,9.3,3.9,6.7,6,86,0.4,100,16.67,rain,0,0,29.9,14.8,327.3,1018.8,91.2,11.6,23.8,2,1,,2022-03-04T06:39:21,2022-03-04T17:46:01,0.06,"Rain, Overcast",Cloudy skies throughout the day with rain.,rain
london,2022-03-05,7.5,5,6.4,4.3,1.3,3.1,3.5,82,0.4,100,16.67,rain,0,0,50,25,11.1,1023.2,95.7,13,24.2,2.1,1,,2022-03-05T06:37:09,2022-03-05T17:47:46,0.09,"Rain, Overcast",Cloudy skies throughout the day with a chance of rain throughout the day.,rain
london,2022-03-06,8.1,4.3,5.7,4.8,0.5,2.3,-0.5,65.5,0.003,100,4.17,rain,0,0,46.8,23.7,53.5,1028.2,84.3,21,68.2,6.1,4,,2022-03-06T06:34:57,2022-03-06T17:49:31,0.12,"Rain, Partially cloudy",Partly cloudy throughout the day with early morning rain.,rain
london,2022-03-07,7.8,3.1,5.3,4.3,-0.8,2,-0.3,67.5,0.199,100,4.17,rain,0,0,45.4,25.4,88.5,1023.9,57.2,18.3,66.5,5.8,4,,2022-03-07T06:32:45,2022-03-07T17:51:16,0.15,"Rain, Partially cloudy",Clearing in the afternoon with early morning rain.,rain
london,2022-03-08,12.6,1.5,6.7,12.6,-2.6,4.4,-0.4,61.3,0,0,0,,0,0,43.6,21.9,130.9,1014.7,14.2,14.3,90.8,7.6,5,,2022-03-08T06:30:31,2022-03-08T17:53:00,0.19,Clear,Clear conditions throughout the day.,clear-day
london,2022-03-09,12.8,8.6,10.5,12.8,6.8,9.7,5.7,72.7,0,0,0,,0,0,54,25.2,173.7,1016.1,73.1,16.4,62.6,5.4,3,,2022-03-09T06:28:18,2022-03-09T17:54:44,0.22,Partially cloudy,Partly cloudy throughout the day.,partly-cloudy-day
london,2022-03-10,16,8,12.2,16,6.2,11.8,6.2,67,0,0,0,,0,0,43.6,19.8,154.2,1015.6,51.4,17.3,78.3,6.8,4,,2022-03-10T06:26:03,2022-03-10T17:56:28,0.25,Partially cloudy,Partly cloudy throughout the day.,partly-cloudy-day
london,2022-03-11,13.1,9,10.6,13.1,6.4,9.8,6.9,78.3,5.581,100,29.17,rain,0,0,50,25.7,152.7,1004.7,58.7,16.4,46.1,4,2,,2022-03-11T06:23:49,2022-03-11T17:58:11,0.28,"Rain, Partially cloudy",Partly cloudy throughout the day with rain.,rain
london,2022-03-12,13,8.1,10.2,13,5.4,8.7,5.4,73.2,0.409,100,16.67,rain,0,0,52.6,28.5,180,1007.9,57.8,17.7,83,7.2,4,,2022-03-12T06:21:34,2022-03-12T17:59:55,0.31,"Rain, Partially cloudy",Partly cloudy throughout the day with a chance of rain throughout the day.,rain
london,2022-03-13,12.1,7.5,9.7,12.1,5.8,8.4,6,77.9,0.401,100,16.67,rain,0,0,46.1,22.3,170.4,1007.1,74.6,18.2,49.8,4.2,3,,2022-03-13T06:19:18,2022-03-13T18:01:38,0.35,"Rain, Partially cloudy",Partly cloudy throughout the day with rain in the morning and afternoon.,rain
london,2022-03-14,12.8,4.5,8.5,12.8,2.9,7.9,5.6,83.3,0.596,100,8.33,rain,0,0,30.2,17.7,224.8,1022.6,37.3,17.9,72.8,6.5,5,,2022-03-14T06:17:03,2022-03-14T18:03:21,0.38,"Rain, Partially cloudy",Partly cloudy throughout the day with rain in the morning and afternoon.,rain
london,2022-03-15,15.6,6.3,10.6,15.6,5.4,10.4,5.8,74,0,0,0,,0,0,29.9,14.2,136.4,1021.7,38.7,18.5,100.5,8.7,5,,2022-03-15T06:14:47,2022-03-15T18:05:03,0.41,Partially cloudy,Partly cloudy throughout the day.,partly-cloudy-day
london,2022-03-16,11.3,7.1,9.8,11.3,4.3,8.7,7.8,87.3,8.203,100,50,rain,0,0,48.6,21.8,122.6,1018,88.2,9.5,20.4,1.8,1,,2022-03-16T06:12:31,2022-03-16T18:06:46,0.44,"Rain, Partially cloudy",Partly cloudy throughout the day with rain.,rain
london,2022-03-17,14.1,3,8.5,14.1,0,7.3,3,70.1,0.014,100,4.17,rain,0,0,40.7,23.7,266.2,1031.1,19.9,19.5,98,8.3,5,,2022-03-17T06:10:14,2022-03-17T18:08:28,0.47,Rain,Clear conditions throughout the day with early morning rain.,rain
london,2022-03-18,16.3,4.6,10.1,16.3,4.6,10,5.7,76.1,0,0,0,,0,0,36.4,21.8,81.9,1041.5,8.2,15.8,110.9,9.5,5,,2022-03-18T06:07:58,2022-03-18T18:10:10,0.5,Clear,Clear conditions throughout the day.,clear-day
london,2022-03-19,13.6,8.3,10.3,13.6,5.3,8.8,3.7,64.6,0,0,0,,0,0,51.8,31.7,90.3,1036.8,0,15.9,104.6,9.2,5,,2022-03-19T06:05:41,2022-03-19T18:11:52,0.54,Clear,Clear conditions throughout the day.,clear-day
london,2022-03-20,12,5.1,8.3,12,4.2,7,0.4,58.3,0,0,0,,0,0,42.8,19.7,84.5,1027.9,11,16.8,68.1,6.1,2,,2022-03-20T06:03:24,2022-03-20T18:13:34,0.58,Clear,Clear conditions throughout the day.,clear-day
london,2022-03-21,16.6,2,9.3,16.6,2,9.1,1.7,61.7,0,0,0,,0,0,27,13.2,119.3,1027.8,3.7,13.2,96.6,8.5,4,,2022-03-21T06:01:07,2022-03-21T18:15:15,0.61,Clear,Clear conditions throughout the day.,clear-day
london,2022-03-22,20,9.3,13.7,20,8.2,13.5,5.4,60.2,0,0,0,,0,0,34.2,17.7,122.4,1028.1,28.3,13.9,106,9.2,4,,2022-03-22T05:58:50,2022-03-22T18:16:57,0.65,Partially cloudy,Partly cloudy throughout the day.,partly-cloudy-day
london,2022-03-23,19.5,7.3,12.9,19.5,7.1,12.7,4.2,60.7,0,0,0,,0,0,25.9,11.3,116.7,1029.3,4.4,15.4,107.4,9.3,5,,2022-03-23T05:56:33,2022-03-23T18:18:38,0.69,Clear,Clear conditions throughout the day.,clear-day
london,2022-03-24,19.1,5.1,11.9,19.1,5.1,11.9,2.2,58,0.199,100,4.17,rain,0,0,15.1,7.6,34.7,1029.5,0.7,15.8,115.4,9.9,5,,2022-03-24T05:54:16,2022-03-24T18:20:19,0.72,Rain,Clear conditions throughout the day with afternoon rain.,rain
london,2022-03-25,17.8,7.3,11.8,17.8,7.3,11.8,3,55.8,0,0,0,,0,0,33.1,18.2,71.2,1031.2,2.1,11.9,109.6,9.4,5,,2022-03-25T05:51:59,2022-03-25T18:22:00,0.75,Clear,Clear conditions throughout the day.,clear-day
london,2022-03-26,17.6,7.1,12.2,17.6,6.4,11.9,3.3,56.2,0,0,0,,0,0,38.9,21.2,72.6,1032.4,1.4,11.6,119.2,10.3,5,,2022-03-26T05:49:42,2022-03-26T18:23:42,0.79,Clear,Clear conditions throughout the day.,clear-day
london,2022-03-27,13.3,6.8,9.2,13.3,4.5,8.1,6.5,83.5,0,0,0,,0,0,33.1,14.2,65.7,1031.4,50.2,11,43.3,3.6,2,,2022-03-27T06:47:25,2022-03-27T19:25:22,0.83,Partially cloudy,Partly cloudy throughout the day.,partly-cloudy-day
london,2022-03-28,14.9,4.8,9.6,14.9,4.8,9.5,6,79.9,0,0,0,,0,0,19.8,12,84.7,1022.8,34.2,8.7,88.8,7.8,4,,2022-03-28T06:45:09,2022-03-28T19:27:03,0.86,Partially cloudy,Clearing in the afternoon.,partly-cloudy-day
london,2022-03-29,11.1,8,9.4,11.1,5.7,8,6,79.4,0,0,0,,0,0,36.4,17,63.1,1012.2,79.4,7.8,51.8,4.4,2,,2022-03-29T06:42:52,2022-03-29T19:28:44,0.9,Partially cloudy,Partly cloudy throughout the day.,partly-cloudy-day
london,2022-03-30,12.3,4.5,8.2,12.3,0.4,6.4,4.9,80.2,0.797,100,16.67,rain,0,0,37.1,22,18.8,1006.1,94.2,7.4,60,5.1,2,,2022-03-30T06:40:36,2022-03-30T19:30:25,0.94,"Rain, Overcast",Cloudy skies throughout the day with rain clearing later.,rain
london,2022-03-31,8.1,2.1,4.4,4.3,-2.3,0.5,-2.8,62.2,0.199,100,4.17,rain,0,0,72,29.3,13,1008.9,55.7,13.5,84.5,7.2,4,,2022-03-31T06:38:19,2022-03-31T19:32:05,0.97,"Rain, Partially cloudy",Partly cloudy throughout the day with morning rain.,rain
london,2022-04-01,8.5,1.8,4.7,5.2,-2.4,0.9,-2.6,61,0,0,0,,0,0,46.4,28.5,4.7,1016.4,27.6,14.2,84.7,7.2,3,,2022-04-01T06:36:03,2022-04-01T19:33:46,0,Partially cloudy,Partly cloudy throughout the day.,partly-cloudy-day
london,2022-04-02,8.1,1.6,4.8,6.1,-0.1,2.9,-1.4,65.8,0,0,0,,0,0,29.5,20.6,22.8,1022.4,27.1,12.7,113.5,9.8,6,,2022-04-02T06:33:48,2022-04-02T19:35:27,0.04,Partially cloudy,Partly cloudy throughout the day.,partly-cloudy-day
london,2022-04-03,9.1,0,5.6,7.1,0,4.3,-2.2,59.2,0,0,0,,0,0,25.9,15.8,299.2,1025.1,25.4,12.7,128.8,11,7,,2022-04-03T06:31:32,2022-04-03T19:37:07,0.07,Partially cloudy,Partly cloudy throughout the day.,partly-cloudy-day
london,2022-04-04,14.6,5.1,9.6,14.6,0.7,7.6,6.2,79.9,4.597,100,37.5,rain,0,0,45.7,26,259.6,1012.8,88.6,16.5,46.5,3.9,2,,2022-04-04T06:29:17,2022-04-04T19:38:48,0.1,"Rain, Partially cloudy",Partly cloudy throughout the day with a chance of rain throughout the day.,rain
london,2022-04-05,14.6,10.6,12.4,14.6,10.6,12.4,7.1,70.8,0,0,0,,0,0,48.2,30,266.7,1008.6,93.8,21,69.7,5.9,2,,2022-04-05T06:27:02,2022-04-05T19:40:28,0.14,Overcast,Cloudy skies throughout the day.,cloudy
london,2022-04-06,13.6,9.4,10.9,13.6,5.9,10.4,7.1,77.6,9.172,100,33.33,rain,0,0,61.2,34.2,237.4,997.4,78,16.5,78.7,6.8,3,,2022-04-06T06:24:48,2022-04-06T19:42:09,0.17,"Rain, Partially cloudy",Partly cloudy throughout the day with rain.,rain
london,2022-04-07,14.1,7,10.1,14.1,3.3,8.4,2.4,61.1,4.016,100,29.17,rain,0,0,74.2,51.3,267.4,989.5,58.6,17.6,123.3,10.7,5,,2022-04-07T06:22:34,2022-04-07T19:43:49,0.2,"Rain, Partially cloudy",Partly cloudy throughout the day with rain clearing later.,rain
london,2022-04-08,11.8,3.5,7.4,11.8,2.4,6.5,0.3,62.7,0.002,100,4.17,rain,0,0,40.7,20,4.2,1000.5,37.9,21.3,105.3,9.1,5,,2022-04-08T06:20:21,2022-04-08T19:45:30,0.23,"Rain, Partially cloudy",Partly cloudy throughout the day with late afternoon rain.,rain
london,2022-04-09,12.5,2.8,7.8,12.5,0.2,6.6,-0.7,58.4,0,0,0,,0,0,42.1,21.7,296,1014.8,30.8,18.5,143.8,12.3,8,,2022-04-09T06:18:08,2022-04-09T19:47:10,0.25,Partially cloudy,Partly cloudy throughout the day.,partly-cloudy-day
london,2022-04-10,13.3,2.1,8.9,13.3,2.1,8.7,-0.4,54.2,0,0,0,,0,0,31,15.9,182.7,1018.7,21,20.9,158.5,13.8,6,,2022-04-10T06:15:55,2022-04-10T19:48:50,0.3,Partially cloudy,Partly cloudy throughout the day.,partly-cloudy-day
london,2022-04-11,17.3,6.6,11.7,17.3,4.2,10.7,3,57.3,0,0,0,,0,0,48.6,30.3,114.7,1010.1,24.6,20.1,163.2,14.2,7,,2022-04-11T06:13:43,2022-04-11T19:50:31,0.33,Partially cloudy,Partly cloudy throughout the day.,partly-cloudy-day
london,2022-04-12,18.6,10.6,13.9,18.6,10.6,13.9,8.6,70.7,0.001,100,4.17,rain,0,0,46.4,21.1,180.2,1005.7,50.7,18.4,127.1,10.9,5,,2022-04-12T06:11:32,2022-04-12T19:52:11,0.36,"Rain, Partially cloudy",Becoming cloudy in the afternoon with late afternoon rain.,rain
london,2022-04-13,17.7,10.5,14.1,17.7,10.5,14.1,9.3,74.1,0.001,100,4.17,rain,0,0,42.8,20.4,228.6,1015.1,64.1,15.8,95.4,8.1,4,,2022-04-13T06:09:21,2022-04-13T19:53:52,0.39,"Rain, Partially cloudy",Partly cloudy throughout the day with late afternoon rain.,rain
london,2022-04-14,19.6,8.6,14.2,19.6,7.6,14.1,8.6,71.4,0,0,0,,0,0,22.3,12.4,259.5,1021.8,41.7,17.4,129.9,10.9,6,,2022-04-14T06:07:11,2022-04-14T19:55:32,0.42,Partially cloudy,Partly cloudy throughout the day.,partly-cloudy-day
london,2022-04-15,22.8,9,15.3,22.8,9,15.3,8.6,67,0,0,0,,0,0,17.3,14.3,205.4,1026,16.7,18.5,179.2,15.3,7,,2022-04-15T06:05:02,2022-04-15T19:57:12,0.46,Clear,Clear conditions throughout the day.,clear-day
london,2022-04-16,18.7,9,13.3,18.7,8.7,13.2,7.3,69.7,0,0,0,,0,0,29.2,17.5,96.9,1029.3,7.4,14.5,163.3,14.2,7,,2022-04-16T06:02:53,2022-04-16T19:58:53,0.5,Clear,Clear conditions throughout the day.,clear-day
london,2022-04-17,19.3,8.1,13.6,19.3,7.5,13.4,3.7,57,0,0,0,,0,0,34.9,19.3,153.2,1022.6,9.2,16.3,163,14.2,6,,2022-04-17T06:00:45,2022-04-17T20:00:33,0.52,Clear,Clear conditions throughout the day.,clear-day
london,2022-04-18,17.3,8.1,12.8,17.3,6.9,12.6,4.1,58,0,0,0,,0,0,23.4,13.8,267.8,1017,28.6,17.8,164.2,14.1,6,,2022-04-18T05:58:38,2022-04-18T20:02:13,0.56,Partially cloudy,Partly cloudy throughout the day.,partly-cloudy-day
london,2022-04-19,16,8.8,12.8,16,7.8,12.7,5.2,60.4,0,0,0,,0,0,31.7,16,23.2,1016.1,44.3,20.1,90.9,7.9,3,,2022-04-19T05:56:32,2022-04-19T20:03:53,0.59,Partially cloudy,Partly cloudy throughout the day.,partly-cloudy-day
london,2022-04-20,18.1,7.8,12.5,18.1,5.6,11.9,3.9,59.6,0,0,0,,0,0,46.4,24.1,57.8,1015.9,22.6,16,165,14.1,7,,2022-04-20T05:54:27,2022-04-20T20:05:34,0.63,Partially cloudy,Clearing in the afternoon.,partly-cloudy-day
london,2022-04-21,18.6,7.8,12.9,18.6,6.5,12.5,4.8,59.9,0,0,0,,0,0,47.5,25.4,70.5,1012.2,7.4,15.5,164.3,14.2,8,,2022-04-21T05:52:22,2022-04-21T20:07:14,0.67,Clear,Clear conditions throughout the day.,clear-day
london,2022-04-22,15.5,9.3,12.3,15.5,7.2,11.8,5.7,64.7,0,0,0,,0,0,57.2,28.4,62.1,1007.6,66.2,16.3,101.4,8.7,6,,2022-04-22T05:50:19,2022-04-22T20:08:54,0.7,Partially cloudy,Partly cloudy throughout the day.,partly-cloudy-day
london,2022-04-23,16.8,10.3,13.3,16.8,10.3,13.3,7.2,67.3,0,0,0,,0,0,57.6,31.7,55.5,1003.2,66.9,12.7,122.2,10.6,7,,2022-04-23T05:48:16,2022-04-23T20:10:34,0.75,Partially cloudy,Partly cloudy throughout the day.,partly-cloudy-day
london,2022-04-24,18.1,8.6,13.2,18.1,6.8,12.8,5.1,60.5,0,0,0,,0,0,45.7,21.8,43.2,1007.7,24.6,15.8,158.9,13.5,8,,2022-04-24T05:46:14,2022-04-24T20:12:13,0.77,Partially cloudy,Partly cloudy throughout the day.,partly-cloudy-day
london,2022-04-25,14.6,7.1,10.3,14.6,4.4,9.2,4.8,69.4,0.805,100,16.67,rain,0,0,40.7,16,27.4,1015.5,46.4,16.6,95.7,8.1,5,,2022-04-25T05:44:14,2022-04-25T20:13:53,0.81,"Rain, Partially cloudy",Partly cloudy throughout the day with rain.,rain
london,2022-04-26,15.6,6.1,10.8,15.6,5.1,10.4,2.5,59.3,0,0,0,,0,0,35.6,17.5,48.5,1021.7,21.6,18.6,186.8,16.2,7,,2022-04-26T05:42:15,2022-04-26T20:15:32,0.84,Partially cloudy,Partly cloudy throughout the day.,partly-cloudy-day
london,2022-04-27,11.3,7.6,9.6,11.3,6.3,8.8,3.1,64.3,0,0,0,,0,0,32.4,16.7,54.5,1027.3,81.6,19.7,72,6.1,2,,2022-04-27T05:40:16,2022-04-27T20:17:12,0.88,Partially cloudy,Partly cloudy throughout the day.,partly-cloudy-day
london,2022-04-28,14,7.1,10.5,14,5.8,9.7,3.9,64.3,0,0,0,,0,0,33.5,14.9,67.4,1030.7,66.1,17.3,123.5,10.6,4,,2022-04-28T05:38:19,2022-04-28T20:18:51,0.91,Partially cloudy,Partly cloudy throughout the day.,partly-cloudy-day
london,2022-04-29,11.1,7.1,9.4,11.1,5.6,8.5,2.9,64.6,0,0,0,,0,0,33.5,15.6,44.4,1031.7,76.8,18.7,81.9,7.2,2,,2022-04-29T05:36:23,2022-04-29T20:20:30,0.95,Partially cloudy,Partly cloudy throughout the day.,partly-cloudy-day
london,2022-04-30,18.1,5.3,11.7,18.1,3.9,11.3,3.4,59.1,0,0,0,,0,0,21.2,12.5,327.6,1029.1,24.8,19.8,173.2,15,8,,2022-04-30T05:34:29,2022-04-30T20:22:08,0,Partially cloudy,Partly cloudy throughout the day.,partly-cloudy-day
london,2022-05-01,14.8,10.3,12.4,14.8,10.3,12.4,6,65.9,0.001,100,4.17,rain,0,0,30.6,14.2,236.8,1023.2,74.3,19.8,108.6,9.4,5,,2022-05-01T05:32:36,2022-05-01T20:23:47,0.02,"Rain, Partially cloudy",Partly cloudy throughout the day with late afternoon rain.,rain
london,2022-05-02,16.8,9,12.8,16.8,9,12.8,7,68.8,0,0,0,,0,0,14,7.6,269.9,1020.9,82.3,18.8,94.3,7.9,4,,2022-05-02T05:30:44,2022-05-02T20:25:25,0.05,Partially cloudy,Partly cloudy throughout the day.,partly-cloudy-day
london,2022-05-03,14.6,11.1,12.6,14.6,11.1,12.6,8.6,77.1,0,0,0,,0,0,25.6,11.3,52.8,1021,85.5,11.4,50.4,4.2,2,,2022-05-03T05:28:53,2022-05-03T20:27:02,0.09,Partially cloudy,Partly cloudy throughout the day.,partly-cloudy-day
london,2022-05-04,17.3,10.8,13.3,17.3,10.8,13.3,9.4,78,2.401,100,20.83,rain,0,0,36,17.2,238.5,1019.1,71.4,11.9,94.2,8.1,4,,2022-05-04T05:27:04,2022-05-04T20:28:40,0.12,"Rain, Partially cloudy",Partly cloudy throughout the day with rain.,rain
london,2022-05-05,19.6,7.3,14,19.6,5.4,13.7,8.1,69.5,0,0,0,,0,0,30.6,14.9,317,1023.3,40.7,19.7,156.3,13.5,8,,2022-05-05T05:25:17,2022-05-05T20:30:16,0.15,Partially cloudy,Partly cloudy throughout the day.,partly-cloudy-day
london,2022-05-06,22.8,10.3,16,22.8,10.3,16,8.8,65.5,0,0,0,,0,0,37.8,23,266.3,1024.8,22.8,18,182.4,15.8,8,,2022-05-06T05:23:30,2022-05-06T20:31:53,0.18,Partially cloudy,Partly cloudy throughout the day.,partly-cloudy-day
london,2022-05-07,18.5,12.8,15.1,18.5,12.8,15.1,11.1,77.6,0.799,100,16.67,rain,0,0,29.9,15.9,6.6,1025.2,71.2,18.3,83.7,7.1,4,,2022-05-07T05:21:46,2022-05-07T20:33:29,0.22,"Rain, Partially cloudy",Partly cloudy throughout the day with a chance of rain throughout the day.,rain
london,2022-05-08,18.3,10.3,13.8,18.3,10.3,13.8,6.7,64.3,0,0,0,,0,0,29.5,15.4,84.4,1028.4,39.8,16.8,166,14.2,8,,2022-05-08T05:20:03,2022-05-08T20:35:04,0.25,Partially cloudy,Clearing in the afternoon.,partly-cloudy-day
london,2022-05-09,22,8.3,15.6,22,7.8,15.5,8.4,64.3,0,0,0,,0,0,46.1,25.9,191.4,1023.2,24.1,19.7,171.9,14.8,7,,2022-05-09T05:18:22,2022-05-09T20:36:39,0.25,Partially cloudy,Partly cloudy throughout the day.,partly-cloudy-day
london,2022-05-10,20,14.6,16.6,20,14.6,16.6,9.7,64.7,0.003,100,4.17,rain,0,0,43.6,25.6,231.9,1014.9,67.3,18.1,55.1,4.6,2,,2022-05-10T05:16:43,2022-05-10T20:38:13,0.31,"Rain, Partially cloudy",Partly cloudy throughout the day with afternoon rain.,rain
london,2022-05-11,15.6,11.1,13.7,15.6,11.1,13.7,10.5,81.5,5.191,100,33.33,rain,0,0,51.8,27.4,229.9,1010.2,66.4,15,77,6.6,2,,2022-05-11T05:15:05,2022-05-11T20:39:47,0.35,"Rain, Partially cloudy",Partly cloudy throughout the day with rain.,rain
london,2022-05-12,18.1,8.3,13.4,18.1,7.2,13.1,7.3,69.8,0.005,100,4.17,rain,0,0,45,26.2,252.6,1017.9,37.3,18.8,153.6,13.4,8,,2022-05-12T05:13:29,2022-05-12T20:41:20,0.38,"Rain, Partially cloudy",Becoming cloudy in the afternoon with morning rain.,rain
london,2022-05-13,21,10.6,15.1,21,10.6,15.1,8.3,65.2,0,0,0,,0,0,50,27.2,249.5,1019.6,46.6,19.5,115.7,10.1,5,,2022-05-13T05:11:55,2022-05-13T20:42:52,0.41,Partially cloudy,Partly cloudy throughout the day.,partly-cloudy-day
london,2022-05-14,23.1,8.6,15.9,23.1,8.1,15.9,8.4,64,0,0,0,,0,0,22.7,13,211.1,1020.6,17.2,15.6,181,15.5,8,,2022-05-14T05:10:23,2022-05-14T20:44:23,0.44,Clear,Clear conditions throughout the day.,clear-day
london,2022-05-15,17.5,14.1,15.8,17.5,14.1,15.8,11.6,76.1,2.592,100,29.17,rain,0,0,42.8,19.3,95.2,1015.4,53.1,16.6,59.9,5.2,3,,2022-05-15T05:08:53,2022-05-15T20:45:53,0.48,"Rain, Partially cloudy",Partly cloudy throughout the day with rain.,rain
london,2022-05-16,21,12.8,16.7,21,12.8,16.7,12.4,77.3,0.6,100,12.5,rain,0,0,56.9,28.9,227.5,1014,60.6,14.8,100.7,8.5,5,,2022-05-16T05:07:25,2022-05-16T20:47:23,0.5,"Rain, Partially cloudy",Partly cloudy throughout the day with rain.,rain
london,2022-05-17,25.5,11.5,19.3,25.5,11.5,19.3,11.8,65.6,0,0,0,,0,0,44.6,25.9,168.1,1017.1,29.3,17.6,215.5,18.8,7,,2022-05-17T05:05:59,2022-05-17T20:48:51,0.54,Partially cloudy,Partly cloudy throughout the day.,partly-cloudy-day
london,2022-05-18,23,12.1,18.1,23,12.1,18.1,8.9,58.8,0.002,100,4.17,rain,0,0,32,19,198.1,1018.6,20.9,19.2,171.6,14.9,8,,2022-05-18T05:04:35,2022-05-18T20:50:18,0.58,"Rain, Partially cloudy",Partly cloudy throughout the day with early morning rain.,rain
london,2022-05-19,22,14.3,17.6,22,14.3,17.6,10.4,65.6,2.604,100,16.67,rain,0,0,59.4,19.6,263.3,1017.8,45.1,16.1,104.5,9,5,,2022-05-19T05:03:14,2022-05-19T20:51:45,0.61,"Rain, Partially cloudy",Clearing in the afternoon with a chance of rain throughout the day.,rain
london,2022-05-20,17.8,12.5,14.6,17.8,12.5,14.6,8.9,69.4,4.589,100,20.83,rain,0,0,47.5,25.2,237.1,1018.5,62.6,18.5,72.6,6.3,4,,2022-05-20T05:01:54,2022-05-20T20:53:10,0.65,"Rain, Partially cloudy",Partly cloudy throughout the day with rain in the morning and afternoon.,rain
london,2022-05-21,20,10.5,15.2,20,10.5,15.2,8,64.3,0,0,0,,0,0,39.2,19,258.2,1020.5,29,18.3,171.9,15,8,,2022-05-21T05:00:37,2022-05-21T20:54:33,0.68,Partially cloudy,Partly cloudy throughout the day.,partly-cloudy-day
london,2022-05-22,23.6,10.3,17.1,23.6,10.3,17.1,8.5,61.6,0,0,0,,0,0,28.4,18.4,208.5,1013.6,14.5,18.3,209.5,18,9,,2022-05-22T04:59:22,2022-05-22T20:55:56,0.75,Clear,Clear conditions throughout the day.,clear-day
london,2022-05-23,18.8,12.2,15.3,18.8,12.2,15.3,9.1,67,0.202,100,8.33,rain,0,0,32.4,18.2,271.4,1002.6,67.3,20.3,72.3,6.2,3,,2022-05-23T04:58:10,2022-05-23T20:57:17,0.75,"Rain, Partially cloudy",Partly cloudy throughout the day with rain.,rain
london,2022-05-24,17.1,10.1,12.9,17.1,10.1,12.9,9.1,79.4,7.783,100,54.17,rain,0,0,39.6,17.9,268.4,1005.6,58.4,19.7,108.6,9.4,4,,2022-05-24T04:57:00,2022-05-24T20:58:37,0.79,"Rain, Partially cloudy",Partly cloudy throughout the day with a chance of rain throughout the day.,rain
london,2022-05-25,18.5,9.5,14,18.5,7.9,13.9,9.3,73.9,0.201,100,8.33,rain,0,0,57.2,31,242,1013.1,54,21,93.9,8,3,,2022-05-25T04:55:52,2022-05-25T20:59:55,0.82,"Rain, Partially cloudy",Partly cloudy throughout the day with rain.,rain
london,2022-05-26,19.6,10.5,15.5,19.6,10.5,15.5,10.9,74.9,0,0,0,,0,0,59,29.2,253.9,1020.8,67.8,19.4,107.8,9.2,3,,2022-05-26T04:54:47,2022-05-26T21:01:12,0.86,Partially cloudy,Partly cloudy throughout the day.,partly-cloudy-day
london,2022-05-27,20.3,13.1,16.4,20.3,13.1,16.4,7.7,59.5,0,0,0,,0,0,38.5,21.6,302.5,1023.9,46,18.8,193,16.6,9,,2022-05-27T04:53:44,2022-05-27T21:02:26,0.89,Partially cloudy,Partly cloudy throughout the day.,partly-cloudy-day
london,2022-05-28,17.8,10.1,14.1,17.8,10.1,14.1,4.9,54.5,0,0,0,,0,0,29.5,17.8,15.1,1024.8,33.9,21.3,150.1,13.1,7,,2022-05-28T04:52:44,2022-05-28T21:03:40,0.93,Partially cloudy,Partly cloudy throughout the day.,partly-cloudy-day
london,2022-05-29,16.1,8.6,12.5,16.1,7.4,12.3,4.3,58.1,0,0,0,,0,0,36,17.8,23.5,1019.3,34.6,21.1,138.8,12,6,,2022-05-29T04:51:47,2022-05-29T21:04:51,0.96,Partially cloudy,Partly cloudy throughout the day.,partly-cloudy-day
london,2022-05-30,15,6.8,11.1,15,6.8,11.1,6.6,74.9,2.197,100,16.67,rain,0,0,38.2,22.3,202.2,1013.6,53.7,20.3,91.8,7.9,4,,2022-05-30T04:50:52,2022-05-30T21:06:01,0,"Rain, Partially cloudy",Partly cloudy throughout the day with rain.,rain
london,2022-05-31,16.1,9.1,11.6,16.1,7.9,11.4,8.8,84.1,8.597,100,41.67,rain,0,0,44.6,15.2,242.6,1012.2,60.2,18.5,124.7,10.9,6,,2022-05-31T04:50:00,2022-05-31T21:07:08,0.03,"Rain, Partially cloudy",Partly cloudy throughout the day with rain.,rain
london,2022-06-01,18.1,7.8,12.9,18.1,6.7,12.6,7.5,72.5,0.201,100,8.33,rain,0,0,27,11.4,310.7,1016.7,54.3,20.6,109.7,9.4,5,,2022-06-01T04:49:11,2022-06-01T21:08:14,0.07,"Rain, Partially cloudy",Partly cloudy throughout the day with early morning rain.,rain
london,2022-06-02,19.6,9.6,15.3,19.6,9.6,15.3,8.4,65.8,0,0,0,,0,0,30.6,16.7,114,1019.8,14.6,21,194.8,17,9,,2022-06-02T04:48:25,2022-06-02T21:09:18,0.1,Clear,Clear conditions throughout the day.,clear-day
london,2022-06-03,23.3,11.5,17.1,23.3,11.5,17.1,9.3,62.4,0,0,0,,0,0,43.2,20.5,73.7,1017.8,44.9,18,185.5,15.8,6,,2022-06-03T04:47:42,2022-06-03T21:10:19,0.13,Partially cloudy,Partly cloudy throughout the day.,partly-cloudy-day
london,2022-06-04,20.8,12.8,15.9,20.8,12.8,15.9,9,64.6,0.007,100,4.17,rain,0,0,53.6,25,62.9,1019.9,55.4,16.9,139.3,12.1,8,,2022-06-04T04:47:01,2022-06-04T21:11:18,0.17,"Rain, Partially cloudy",Partly cloudy throughout the day with afternoon rain.,rain
london,2022-06-05,15.6,10.8,13.3,15.6,10.8,13.3,11.5,88.8,8,100,37.5,rain,0,0,35.3,18.2,8.6,1016,95.4,7.8,38.9,3.1,1,,2022-06-05T04:46:23,2022-06-05T21:12:15,0.2,"Rain, Overcast",Cloudy skies throughout the day with rain.,rain
london,2022-06-06,18,12.1,14.4,18,12.1,14.4,11.8,85,2.212,100,37.5,rain,0,0,29.5,15.6,258.4,1014.4,81.8,14.2,71.3,6.1,3,,2022-06-06T04:45:48,2022-06-06T21:13:10,0.23,"Rain, Partially cloudy",Partly cloudy throughout the day with a chance of rain throughout the day.,rain
london,2022-06-07,21.1,10.4,16.6,21.1,10.4,16.6,11.7,73.8,0.001,100,4.17,rain,0,0,31,18.5,206.9,1011.7,54.1,19.6,160.3,13.7,10,,2022-06-07T04:45:17,2022-06-07T21:14:02,0.25,"Rain, Partially cloudy",Partly cloudy throughout the day with afternoon rain.,rain
london,2022-06-08,22.1,14.3,17.8,22.1,14.3,17.8,11.3,68.3,1.394,100,16.67,rain,0,0,49,33.3,257.2,1005.7,60.2,15.7,115.9,9.7,6,,2022-06-08T04:44:48,2022-06-08T21:14:52,0.3,"Rain, Partially cloudy",Partly cloudy throughout the day with rain clearing later.,rain
london,2022-06-09,20.1,12.1,16.4,20.1,12.1,16.4,10.6,69.9,0.002,100,4.17,rain,0,0,39.2,22.3,243.6,1014.8,53.3,15,155,13.3,7,,2022-06-09T04:44:22,2022-06-09T21:15:39,0.33,"Rain, Partially cloudy",Partly cloudy throughout the day with late afternoon rain.,rain
london,2022-06-10,22.3,15.8,18.6,22.3,15.8,18.6,11.9,66.9,0.2,100,8.33,rain,0,0,48.2,28.8,226.1,1018.2,62.1,12.9,178.2,15.6,9,,2022-06-10T04:43:59,2022-06-10T21:16:24,0.37,"Rain, Partially cloudy",Partly cloudy throughout the day with rain clearing later.,rain
london,2022-06-11,21.8,12.8,17.6,21.8,12.8,17.6,10.2,64.2,0,0,0,,0,0,45,27.2,241.7,1021.3,34.3,14.2,221.9,19.2,10,,2022-06-11T04:43:40,2022-06-11T21:17:06,0.4,Partially cloudy,Partly cloudy throughout the day.,partly-cloudy-day
london,2022-06-12,22.1,12,17.1,22.1,12,17.1,8.3,58,0,0,0,,0,0,38.9,24.2,276,1023.2,24.7,18,153.2,13.2,6,,2022-06-12T04:43:23,2022-06-12T21:17:45,0.43,Partially cloudy,Partly cloudy throughout the day.,partly-cloudy-day
london,2022-06-13,20.8,11.5,16.4,20.8,11.5,16.4,7,55.1,0,0,0,,0,0,25.9,13.1,298,1024.3,27.1,19.6,160,13.8,7,,2022-06-13T04:43:09,2022-06-13T21:18:22,0.47,Partially cloudy,Partly cloudy throughout the day.,partly-cloudy-day
london,2022-06-14,24.6,11.3,18.5,24.6,11.3,18.5,8.7,55.5,0,0,0,,0,0,27.4,12.8,183.1,1020.8,6.8,20.4,221.5,19.1,9,,2022-06-14T04:42:59,2022-06-14T21:18:56,0.5,Clear,Clear conditions throughout the day.,clear-day
london,2022-06-15,27.3,12.5,20.2,26.6,12.5,20.1,9.5,53.9,0,0,0,,0,0,24.1,14.5,229.9,1018.3,1.2,18.8,218.9,18.9,9,,2022-06-15T04:42:51,2022-06-15T21:19:27,0.53,Clear,Clear conditions throughout the day.,clear-day
london,2022-06-16,28.8,13.5,21.9,27.7,13.5,21.7,10.5,52.3,0,0,0,,0,0,27.7,18.7,234.7,1021.3,3.2,19,202.6,17.5,8,,2022-06-16T04:42:47,2022-06-16T21:19:55,0.57,Clear,Clear conditions throughout the day.,clear-day
london,2022-06-17,31.6,16.8,24.8,30.7,16.8,24.5,12.1,46.5,0,0,0,,0,0,50,31.4,219,1019.5,9.7,19.4,195.2,16.7,8,,2022-06-17T04:42:45,2022-06-17T21:20:20,0.6,Clear,Clear conditions throughout the day.,clear-day
london,2022-06-18,24.1,13.8,19.2,24.1,13.8,19.2,13.6,70,0.002,100,4.17,rain,0,0,46.4,21.5,15,1017.5,47.3,19.2,120.3,10.3,5,,2022-06-18T04:42:47,2022-06-18T21:20:42,0.64,"Rain, Partially cloudy",Partly cloudy throughout the day with late afternoon rain.,rain
london,2022-06-19,19.1,10.8,15,19.1,10.8,15,8.2,65.5,0.604,100,12.5,rain,0,0,40.3,21,34.5,1014.9,54.5,18.1,137.5,11.5,5,,2022-06-19T04:42:52,2022-06-19T21:21:01,0.67,"Rain, Partially cloudy",Partly cloudy throughout the day with rain.,rain
london,2022-06-20,22.3,12.5,16.9,22.3,12.5,16.9,8.2,58.1,0.004,100,4.17,rain,0,0,42.1,19.6,43.4,1018.2,22.6,19.2,206.6,18,9,,2022-06-20T04:43:00,2022-06-20T21:21:18,0.7,"Rain, Partially cloudy",Partly cloudy throughout the day with early morning rain.,rain
london,2022-06-21,25.1,11.1,18.5,25.1,11.1,18.5,7.8,54.5,0,0,0,,0,0,21.2,11.9,97.5,1014.7,0,18.9,201.4,17.4,8,,2022-06-21T04:43:11,2022-06-21T21:21:31,0.75,Clear,Clear conditions throughout the day.,clear-day
london,2022-06-22,26.5,13.1,20.2,26.5,13.1,20.2,10.7,57.5,0,0,0,,0,0,33.8,17.5,87.4,1013.4,0,19.1,208.9,18.1,9,,2022-06-22T04:43:25,2022-06-22T21:21:41,0.77,Clear,Clear conditions throughout the day.,clear-day
london,2022-06-23,25,14.5,19.4,25,14.5,19.4,13,68,0.402,100,8.33,rain,0,0,25.2,17.8,85.8,1009.8,39.7,15.4,106.3,9.3,5,,2022-06-23T04:43:41,2022-06-23T21:21:48,0.81,"Rain, Partially cloudy",Partly cloudy throughout the day with rain in the morning and afternoon.,rain
london,2022-06-24,21.3,15,18,21.3,15,18,12.3,69.7,0.162,100,4.17,rain,0,0,48.6,24,211.4,1004.7,69.9,17.5,134.7,11.7,6,,2022-06-24T04:44:01,2022-06-24T21:21:52,0.84,"Rain, Partially cloudy",Partly cloudy throughout the day with late afternoon rain.,rain
london,2022-06-25,21.1,13.6,16.9,21.1,13.6,16.9,9.6,64.1,0.005,100,8.33,rain,0,0,52.6,28.4,197.8,1007.4,55.4,17.2,142,12.1,5,,2022-06-25T04:44:24,2022-06-25T21:21:53,0.87,"Rain, Partially cloudy",Partly cloudy throughout the day with rain.,rain
london,2022-06-26,21.3,12.6,17.1,21.3,12.6,17.1,7.7,56.3,0,0,0,,0,0,55.4,28.4,207.2,1011.8,21.4,21.2,188.3,16.4,8,,2022-06-26T04:44:49,2022-06-26T21:21:50,0.91,Partially cloudy,Partly cloudy throughout the day.,partly-cloudy-day
london,2022-06-27,19.6,12.8,16.1,19.6,12.8,16.1,9.4,65.5,3.586,100,16.67,rain,0,0,50,28.8,230,1015.8,38.1,20,146.8,12.5,6,,2022-06-27T04:45:18,2022-06-27T21:21:45,0.94,"Rain, Partially cloudy",Partly cloudy throughout the day with rain.,rain
london,2022-06-28,21.5,12.1,16.7,21.5,12.1,16.7,8.6,60.6,0,0,0,,0,0,50.8,26.5,200.2,1017.5,41.7,19.2,152.5,13.2,7,,2022-06-28T04:45:49,2022-06-28T21:21:36,0.98,Partially cloudy,Partly cloudy throughout the day.,partly-cloudy-day
london,2022-06-29,20.8,15.6,17.3,20.8,15.6,17.3,11,66.6,1.002,100,12.5,rain,0,0,41.8,25.1,189.6,1012,69.7,17.8,103.5,9,7,,2022-06-29T04:46:23,2022-06-29T21:21:25,0,"Rain, Partially cloudy",Partly cloudy throughout the day with rain in the morning and afternoon.,rain
london,2022-06-30,20.6,12.4,15.9,20.6,12.4,15.9,10.3,71.1,5.168,100,20.83,rain,0,0,37.8,21.9,225.3,1011.8,52.7,18.4,89.6,7.8,3,,2022-06-30T04:46:59,2022-06-30T21:21:10,0.05,"Rain, Partially cloudy",Partly cloudy throughout the day with rain.,rain
london,2022-07-01,21.1,11.6,16,21.1,11.6,16,9.8,68.5,0.008,100,12.5,rain,0,0,44.6,25.9,234.2,1016.1,54.8,20.3,135.3,11.5,5,,2022-07-01T04:47:39,2022-07-01T21:20:52,0.08,"Rain, Partially cloudy",Partly cloudy throughout the day with afternoon rain.,rain
london,2022-07-02,22.1,12.8,17.3,22.1,12.8,17.3,10.1,64.4,0.004,100,12.5,rain,0,0,48.6,26.3,220,1018.2,53.3,19.3,164.2,14,7,,2022-07-02T04:48:20,2022-07-02T21:20:31,0.11,"Rain, Partially cloudy",Partly cloudy throughout the day with late afternoon rain.,rain
london,2022-07-03,22.1,12.1,17.6,22.1,12.1,17.6,9.8,62.2,0,0,0,,0,0,29.9,18.8,270.8,1019.1,44.1,21.5,144,12.6,6,,2022-07-03T04:49:05,2022-07-03T21:20:07,0.15,Partially cloudy,Partly cloudy throughout the day.,partly-cloudy-day
london,2022-07-04,22.6,12.3,18,22.6,12.3,18,8.6,55.3,0,0,0,,0,0,39.2,19.8,282.2,1021.1,47.9,21.1,213.6,18.4,9,,2022-07-04T04:49:52,2022-07-04T21:19:40,0.18,Partially cloudy,Partly cloudy throughout the day.,partly-cloudy-day
london,2022-07-05,22.1,11.8,18,22.1,11.8,18,8.8,55.8,0,0,0,,0,0,32.8,16.7,308.3,1024.7,36.8,21.5,174.8,15.3,9,,2022-07-05T04:50:41,2022-07-05T21:19:10,0.22,Partially cloudy,Partly cloudy throughout the day.,partly-cloudy-day
london,2022-07-06,23.6,14.3,19.4,23.6,14.3,19.4,10.8,58,0,0,0,,0,0,36.4,21.8,295.4,1026.5,62.2,21.1,125,10.8,4,,2022-07-06T04:51:33,2022-07-06T21:18:37,0.25,Partially cloudy,Partly cloudy throughout the day.,partly-cloudy-day
london,2022-07-07,24.1,17.1,19.6,24.1,17.1,19.6,11.2,59.5,0,0,0,,0,0,37.8,20.2,338.1,1028.1,56.4,21.9,195.6,16.8,7,,2022-07-07T04:52:27,2022-07-07T21:18:01,0.25,Partially cloudy,Partly cloudy throughout the day.,partly-cloudy-day
london,2022-07-08,28.8,15.3,22.2,27.9,15.3,22.1,11.5,53.7,0,0,0,,0,0,25.6,13.1,315.7,1031.4,5.7,19.3,249.2,21.7,7,,2022-07-08T04:53:23,2022-07-08T21:17:21,0.32,Clear,Clear conditions throughout the day.,clear-day
london,2022-07-09,26.6,17.1,21.5,26.6,17.1,21.5,11.3,54.4,0,0,0,,0,0,35.6,15,5.3,1030,22.4,21.5,244.4,21.1,8,,2022-07-09T04:54:21,2022-07-09T21:16:39,0.35,Partially cloudy,Clearing in the afternoon.,partly-cloudy-day
london,2022-07-10,29.1,15.1,22.3,28,15.1,22.1,11.4,53.1,0,0,0,,0,0,22.7,14.1,246,1026.7,3.9,21.9,264.2,22.9,8,,2022-07-10T04:55:22,2022-07-10T21:15:55,0.39,Clear,Clear conditions throughout the day.,clear-day
london,2022-07-11,30.8,16.6,24.2,29.5,16.6,23.8,11.1,45.8,0,0,0,,0,0,22,17.3,211.7,1023,7.2,21.3,219.4,18.8,7,,2022-07-11T04:56:24,2022-07-11T21:15:07,0.42,Clear,Clear conditions throughout the day.,clear-day
london,2022-07-12,30.6,19.5,25.3,29.9,19.5,25.1,13.4,48.5,0,0,0,,0,0,34.9,19.8,220.3,1021.9,26.8,21.6,133.4,11.5,5,,2022-07-12T04:57:29,2022-07-12T21:14:16,0.46,Partially cloudy,Partly cloudy throughout the day.,partly-cloudy-day
london,2022-07-13,28.1,19.9,24.4,27.5,19.9,24.3,12.7,48.9,0,0,0,,0,0,26.6,12.7,323.1,1021.2,41.3,16.3,150.3,12.7,7,,2022-07-13T04:58:35,2022-07-13T21:13:23,0.5,Partially cloudy,Partly cloudy throughout the day.,partly-cloudy-day
london,2022-07-14,25.3,16.3,20.5,25.3,16.3,20.5,9.9,53.7,0,0,0,,0,0,40,19.3,355,1022.4,21.9,16.2,192.4,16.7,8,,2022-07-14T04:59:43,2022-07-14T21:12:27,0.52,Partially cloudy,Partly cloudy throughout the day.,partly-cloudy-day
london,2022-07-15,25.5,14.6,20.6,25.5,14.6,20.6,8.3,46.5,0,0,0,,0,0,36,19.3,296.9,1023.8,9.6,20.6,206.3,17.8,9,,2022-07-15T05:00:53,2022-07-15T21:11:28,0.56,Clear,Clear conditions throughout the day.,clear-day
london,2022-07-16,27.8,15.3,21.8,27.1,15.3,21.7,10.9,51.8,0,0,0,,0,0,24.1,16.6,226.4,1024.6,0.9,21.1,202.8,17.5,8,,2022-07-16T05:02:05,2022-07-16T21:10:27,0.59,Clear,Clear conditions throughout the day.,clear-day
london,2022-07-17,30,16.1,23.6,28.7,16.1,23.2,9.1,42.2,0,0,0,,0,0,34.6,17.2,169,1024.8,9.3,20.9,195.1,17,8,,2022-07-17T05:03:18,2022-07-17T21:09:23,0.62,Clear,Clear conditions throughout the day.,clear-day
london,2022-07-18,36.6,18,27.7,34.6,18,26.8,9.9,37,0,0,0,,0,0,32,17.2,189.8,1019.3,15.5,20.4,188.3,16.1,8,,2022-07-18T05:04:33,2022-07-18T21:08:16,0.66,Clear,Clear conditions throughout the day.,clear-day
london,2022-07-19,39.8,21.7,30.3,37.9,21.7,29.4,11.6,36,0.201,100,4.17,rain,0,0,50,26.2,179.9,1011.9,11.6,18.5,187.5,16.4,8,,2022-07-19T05:05:49,2022-07-19T21:07:07,0.69,Rain,Clear conditions throughout the day with late afternoon rain.,rain
london,2022-07-20,26.6,19.1,22.7,26.6,19.1,22.7,15.4,64.9,0.005,100,8.33,rain,0,0,37.8,22.9,244.5,1015.3,75.1,15,164.7,14.3,6,,2022-07-20T05:07:06,2022-07-20T21:05:55,0.75,"Rain, Partially cloudy",Partly cloudy throughout the day with rain.,rain
london,2022-07-21,23.6,17.3,20.5,23.6,17.3,20.5,13.6,65.4,0.016,100,4.17,rain,0,0,31.3,16.1,18.4,1021.1,82.1,16.7,75.5,6.4,3,,2022-07-21T05:08:25,2022-07-21T21:04:41,0.76,"Rain, Partially cloudy",Partly cloudy throughout the day with early morning rain.,rain
london,2022-07-22,22.3,17.6,19.5,22.3,17.6,19.5,12.6,64.8,0.002,100,4.17,rain,0,0,33.8,17.5,102.5,1020.1,75.4,19.7,121.4,10.4,6,,2022-07-22T05:09:46,2022-07-22T21:03:25,0.79,"Rain, Partially cloudy",Partly cloudy throughout the day with late afternoon rain.,rain
london,2022-07-23,27.3,16.1,21,26.8,16.1,20.9,12.4,60.7,0,0,0,,0,0,40,24.7,219.1,1018.5,46.3,19.6,191.3,16.4,8,,2022-07-23T05:11:07,2022-07-23T21:02:06,0.82,Partially cloudy,Partly cloudy throughout the day.,partly-cloudy-day
london,2022-07-24,28.1,17.8,22.5,27.6,17.8,22.4,13.1,58.1,0,0,0,,0,0,55.4,31.1,217.5,1013.9,47.1,20.9,188.6,16.3,8,,2022-07-24T05:12:30,2022-07-24T21:00:45,0.86,Partially cloudy,Partly cloudy throughout the day.,partly-cloudy-day
london,2022-07-25,23.8,18.3,20.6,23.8,18.3,20.6,13,62.3,0,0,0,,0,0,49.3,25.9,255.4,1010.4,76.3,20.5,101.8,8.8,3,,2022-07-25T05:13:53,2022-07-25T20:59:22,0.89,Partially cloudy,Partly cloudy throughout the day.,partly-cloudy-day
london,2022-07-26,22.3,15.8,18.2,22.3,15.8,18.2,10.9,63.1,0,0,0,,0,0,34.2,13.8,348.2,1018.9,78.6,21.2,100.2,8.6,4,,2022-07-26T05:15:18,2022-07-26T20:57:57,0.92,Partially cloudy,Partly cloudy throughout the day.,partly-cloudy-day
london,2022-07-27,21.1,15.6,18.3,21.1,15.6,18.3,10.9,62.4,0,0,0,,0,0,29.5,14.5,119.7,1020.1,61.1,21.1,140.1,12.2,6,,2022-07-27T05:16:44,2022-07-27T20:56:30,0.96,Partially cloudy,Partly cloudy throughout the day.,partly-cloudy-day
london,2022-07-28,22.6,16.5,19.4,22.6,16.5,19.4,10.3,56.9,0,0,0,,0,0,36,17.9,102.6,1017.3,43,21,155.7,13.4,7,,2022-07-28T05:18:10,2022-07-28T20:55:00,0,Partially cloudy,Partly cloudy throughout the day.,partly-cloudy-day
london,2022-07-29,26.3,15.1,21,26.3,15.1,21,10.6,54.1,0,0,0,,0,0,24.8,13.5,86.2,1018.3,25.5,18.9,176.7,15,8,,2022-07-29T05:19:38,2022-07-29T20:53:29,0.02,Partially cloudy,Partly cloudy throughout the day.,partly-cloudy-day
london,2022-07-30,26.6,16.6,21.8,26.6,16.6,21.8,12.8,57.3,0,0,0,,0,0,34.9,21.2,240.7,1018.1,50.8,19.5,125.5,10.7,4,,2022-07-30T05:21:06,2022-07-30T20:51:55,0.06,Partially cloudy,Partly cloudy throughout the day.,partly-cloudy-day
london,2022-07-31,26.1,19.8,22.5,26.1,19.8,22.5,16,67.1,0,0,0,,0,0,52.9,26.6,256.8,1016.1,80.1,20.5,83.8,7.3,4,,2022-07-31T05:22:35,2022-07-31T20:50:20,0.09,Partially cloudy,Partly cloudy throughout the day.,partly-cloudy-day
london,2022-08-01,27,17.8,21.9,27,17.8,21.9,14.4,63.5,0,0,0,,0,0,25.9,18.5,183,1018,54.6,20.5,117,9.9,5,,2022-08-01T05:24:04,2022-08-01T20:48:43,0.13,Partially cloudy,Partly cloudy throughout the day.,partly-cloudy-day
london,2022-08-02,25.6,19.1,22.3,25.6,19.1,22.3,16.1,68.2,0,0,0,,0,0,51.5,23,221.6,1015.1,66.2,19.3,99.2,8.6,3,,2022-08-02T05:25:35,2022-08-02T20:47:04,0.16,Partially cloudy,Partly cloudy throughout the day.,partly-cloudy-day
london,2022-08-03,27.3,18.5,22.2,28,18.5,22.2,16.8,72.7,0,0,0,,0,0,45,23.3,229.6,1013.3,67.2,17.3,116,10.1,7,,2022-08-03T05:27:06,2022-08-03T20:45:23,0.2,Partially cloudy,Partly cloudy throughout the day.,partly-cloudy-day
london,2022-08-04,24,17.6,21,24,17.6,21,10.3,51.7,0,0,0,,0,0,36,15.6,312.6,1014.9,56.3,20.6,149.1,12.9,6,,2022-08-04T05:28:37,2022-08-04T20:43:40,0.23,Partially cloudy,Partly cloudy throughout the day.,partly-cloudy-day
london,2022-08-05,23.3,14.8,19.1,23.3,14.8,19.1,5.3,41.3,0,0,0,,0,0,40.7,18.7,337.2,1021.9,31.9,21.6,170.4,14.6,9,,2022-08-05T05:30:09,2022-08-05T20:41:56,0.25,Partially cloudy,Partly cloudy throughout the day.,partly-cloudy-day
london,2022-08-06,24.8,12.5,19,24.8,12.5,19,5.6,44.1,0,0,0,,0,0,26.3,11.3,356.7,1028.1,0,19.7,184.8,15.9,8,,2022-08-06T05:31:41,2022-08-06T20:40:10,0.3,Clear,Clear conditions throughout the day.,clear-day
london,2022-08-07,27.1,12.6,20.7,26.6,12.6,20.6,8.1,47.4,0,0,0,,0,0,25.6,12.4,341.5,1025.8,0.2,21.2,154.5,13.2,8,,2022-08-07T05:33:14,2022-08-07T20:38:23,0.34,Clear,Clear conditions throughout the day.,clear-day
london,2022-08-08,28.1,17,22.2,27.6,17,22.1,11.6,52.4,0,0,0,,0,0,27.7,18.7,68.3,1026.3,3.6,20.8,152.1,13,7,,2022-08-08T05:34:47,2022-08-08T20:36:34,0.37,Clear,Clear conditions throughout the day.,clear-day
london,2022-08-09,28.1,16.6,21.7,27.4,16.6,21.6,13.1,61.3,0,0,0,,0,0,33.1,18.3,76.6,1028.4,5.4,17.3,151,12.9,8,,2022-08-09T05:36:21,2022-08-09T20:34:43,0.41,Clear,Clear conditions throughout the day.,clear-day
london,2022-08-10,29.6,16.6,22.7,29.3,16.6,22.6,13.4,58.6,0,0,0,,0,0,34.9,16.6,77.6,1025.6,4.6,14.9,190.4,16.5,8,,2022-08-10T05:37:55,2022-08-10T20:32:52,0.44,Clear,Clear conditions throughout the day.,clear-day
london,2022-08-11,32.6,16.6,24.6,31.4,16.6,24.1,12.5,51.3,0,0,0,,0,0,33.8,18.9,77.9,1021.5,2.4,16.5,145.3,12.4,7,,2022-08-11T05:39:29,2022-08-11T20:30:58,0.48,Clear,Clear conditions throughout the day.,clear-day
london,2022-08-12,32.8,18.8,25.6,31.1,18.8,25.1,11.7,45,0,0,0,,0,0,36.7,19.4,76.3,1018.1,0,18.6,153,13,8,,2022-08-12T05:41:03,2022-08-12T20:29:04,0.5,Clear,Clear conditions throughout the day.,clear-day
london,2022-08-13,34,19.6,26,32.3,19.6,25.5,11.9,45.3,0,0,0,,0,0,31.7,16.1,93.4,1013.9,0,14.3,147.5,12.7,8,,2022-08-13T05:42:38,2022-08-13T20:27:08,0.55,Clear,Clear conditions throughout the day.,clear-day
london,2022-08-14,33,19.3,26,31,19.3,25.4,11.2,43.1,0,0,0,,0,0,32.8,15,98.6,1006.9,4.1,17.9,162.3,13.9,7,,2022-08-14T05:44:12,2022-08-14T20:25:11,0.58,Clear,Clear conditions throughout the day.,clear-day
london,2022-08-15,29.1,19.1,23.7,28.3,19.1,23.6,12.5,51,0.397,100,4.17,rain,0,0,36.7,19,246.4,1002.9,28.3,18.6,141.6,12.2,7,,2022-08-15T05:45:47,2022-08-15T20:23:12,0.61,"Rain, Partially cloudy",Partly cloudy throughout the day with late afternoon rain.,rain
london,2022-08-16,22.1,18.1,20.2,22.1,18.1,20.2,16,76.9,3.41,100,12.5,rain,0,0,24.1,13.6,190.2,1007.2,59.8,13.9,68.8,6,3,,2022-08-16T05:47:22,2022-08-16T20:21:13,0.64,"Rain, Partially cloudy",Partly cloudy throughout the day with rain.,rain
london,2022-08-17,25.3,17.8,19.6,25.3,17.8,19.6,16.7,84.5,23.936,100,20.83,rain,0,0,27,18.4,28.8,1011.5,67.1,8.2,80.5,6.9,5,,2022-08-17T05:48:58,2022-08-17T20:19:12,0.68,"Rain, Partially cloudy",Partly cloudy throughout the day with rain.,rain
london,2022-08-18,26.5,18.1,21.6,26.5,18.1,21.6,15.6,70.5,0,0,0,,0,0,31.7,19.9,241.9,1013.9,68.3,14.9,96.7,8.3,7,,2022-08-18T05:50:33,2022-08-18T20:17:10,0.71,Partially cloudy,Partly cloudy throughout the day.,partly-cloudy-day
london,2022-08-19,24.8,18.1,21.1,24.8,18.1,21.1,12.7,62,0.002,100,4.17,rain,0,0,35.3,22.7,268.9,1014.3,55.9,17.3,107.2,9.1,6,,2022-08-19T05:52:08,2022-08-19T20:15:07,0.75,"Rain, Partially cloudy",Partly cloudy throughout the day with morning rain.,rain
london,2022-08-20,24.8,13.8,19.1,24.8,13.8,19.1,11.4,62.6,0,0,0,,0,0,38.9,24,235.2,1017.1,25.4,20.2,133.9,11.6,10,,2022-08-20T05:53:44,2022-08-20T20:13:04,0.77,Partially cloudy,Partly cloudy throughout the day.,partly-cloudy-day
london,2022-08-21,24.3,15,19.2,24.3,15,19.2,12,65.4,0,0,0,,0,0,25.9,15.4,225,1015.7,32.6,16.6,101.3,8.6,5,,2022-08-21T05:55:19,2022-08-21T20:10:59,0.81,Partially cloudy,Partly cloudy throughout the day.,partly-cloudy-day
london,2022-08-22,22.5,14.1,18.8,22.5,14.1,18.8,13.6,72.3,0,0,0,,0,0,25.9,16.4,197.6,1013.8,56.1,17.7,110.9,9.7,5,,2022-08-22T05:56:55,2022-08-22T20:08:53,0.84,Partially cloudy,Partly cloudy throughout the day.,partly-cloudy-day
london,2022-08-23,25.5,18.1,21.3,25.5,18.1,21.3,17.5,79.8,0.416,100,20.83,rain,0,0,31.7,20.4,211.1,1013.8,85.4,15.3,104.9,9.1,4,,2022-08-23T05:58:31,2022-08-23T20:06:46,0.87,"Rain, Partially cloudy",Partly cloudy throughout the day with rain.,rain
london,2022-08-24,28.8,20.1,23.4,28.9,20.1,23.5,16.5,67,0,0,0,,0,0,27.7,19.2,209.5,1016,60.5,19.1,103.6,9.1,8,,2022-08-24T06:00:06,2022-08-24T20:04:39,0.91,Partially cloudy,Partly cloudy throughout the day.,partly-cloudy-day
london,2022-08-25,22.8,16.8,19.5,22.8,16.8,19.5,16.7,84.3,41.032,100,41.67,rain,0,0,31.7,18.1,337.6,1017.2,75.1,14.6,53.3,4.5,2,,2022-08-25T06:01:42,2022-08-25T20:02:30,0.94,"Rain, Partially cloudy",Partly cloudy throughout the day with a chance of rain throughout the day.,rain
london,2022-08-26,24.8,13.3,19.1,24.8,13.3,19.1,11.8,66.1,0.398,100,8.33,rain,0,0,14.8,8.7,289.5,1019.1,38.6,14.9,135.3,11.7,7,,2022-08-26T06:03:18,2022-08-26T20:00:21,0.97,"Rain, Partially cloudy",Partly cloudy throughout the day with early morning rain.,rain
london,2022-08-27,24.6,15.3,19.7,24.6,15.3,19.7,12.6,65.6,0,0,0,,0,0,21.2,15,72.5,1018.8,26.7,20.5,104.3,9.1,6,,2022-08-27T06:04:53,2022-08-27T19:58:11,0,Partially cloudy,Partly cloudy throughout the day.,partly-cloudy-day
london,2022-08-28,24,15,19.3,24,15,19.3,12.2,65.2,0,0,0,,0,0,31.7,19,75.9,1021.6,23,19.2,172.1,14.8,7,,2022-08-28T06:06:29,2022-08-28T19:56:01,0.04,Partially cloudy,Partly cloudy throughout the day.,partly-cloudy-day
london,2022-08-29,21.1,16.1,18.7,21.1,16.1,18.7,11.5,63.9,0,0,0,,0,0,29.5,18.9,57.7,1022.8,65.9,20.7,88.7,7.8,4,,2022-08-29T06:08:05,2022-08-29T19:53:49,0.08,Partially cloudy,Partly cloudy throughout the day.,partly-cloudy-day
london,2022-08-30,23.8,14.8,19,23.8,14.8,19,12.1,65.1,0,0,0,,0,0,31.7,20.1,39.5,1022.9,52.5,20.6,86.5,7.7,5,,2022-08-30T06:09:40,2022-08-30T19:51:37,0.11,Partially cloudy,Partly cloudy throughout the day.,partly-cloudy-day
london,2022-08-31,23.1,14.8,19,23.1,14.8,19,11.2,62,0,0,0,,0,0,42.5,24,55.2,1023.4,33,20.8,75.6,6.5,4,,2022-08-31T06:11:16,2022-08-31T19:49:25,0.15,Partially cloudy,Partly cloudy throughout the day.,partly-cloudy-day
