Ward ID,LSOA_Burglary_Count,Ward Name,Has_Area_Data,Ward_Area,Crime_Density
E05000026,49,Abbey,True,1.2811775931000573,38.24606382744722
E05000028,7,Becontree,True,1.2865356676254,5.440968467605817
E05000032,11,Gascoigne,True,1.1371647682782728,9.673180445657472
E05000039,45,Thames,True,7.877962197199837,5.712137082352961
E05000042,6,Whalebone,True,1.552015985801119,3.865939561764837
E05000044,20,Burnt Oak,True,2.0647984060801328,9.6861756291107
E05000046,130,Colindale,True,2.6333514580329513,49.36674882626826
E05000057,23,Mill Hill,True,9.375193351953188,2.4532827363190624
E05000086,17,Barnhill,True,2.9757086030391924,5.712924976134196
E05000088,8,Dollis Hill,True,2.296992726220894,3.4828146857747893
E05000099,32,Queensbury,True,2.0489946086828357,15.617415421395718
E05000100,83,Stonebridge,True,4.046573691539276,20.51117966133656
E05000102,53,Tokyngton,True,2.756076162158549,19.230237802459925
E05000104,18,Wembley Central,True,1.602637235658073,11.231487450501461
E05000109,43,Bromley Town,True,3.711146566158896,11.586715650658276
E05000116,21,Crystal Palace,True,2.288474636229903,9.176418067973865
E05000129,76,Bloomsbury,True,1.0197652530754715,74.52695585655079
E05000131,17,Cantelowes,True,0.7583925046998891,22.41583335099974
E05000141,14,King's Cross,True,0.6106548311580561,22.926208531667825
E05000142,29,Regent's Park,True,1.3495537625671332,21.488584452416287
E05000143,15,St Pancras and Somers Town,True,1.3972731008593193,10.735195568264386
E05000173,52,Ealing Broadway,True,1.8545510003004853,28.039131839229363
E05000175,42,East Acton,True,4.270791583985167,9.834242475679158
E05000206,35,Ponders End,True,3.5386696929125017,9.890722513632872
E05000208,25,Southgate,True,2.6840094729072153,9.314423161450682
E05000220,45,Eltham West,True,2.422426142752609,18.576417751530037
E05000222,70,Greenwich West,True,2.7923749131124875,25.068267040823443
E05000225,164,Peninsula,True,4.485203822813459,36.56467052084308
E05000230,81,Woolwich Riverside,True,3.256822703587546,24.870865678618188
E05000253,23,College Park and Old Oak,True,3.4320796704630103,6.701476133535428
E05000262,15,Sands End,True,1.3765813628875176,10.896558971665861
E05000273,25,Hornsey,True,1.052568452049764,23.751424386048416
E05000281,45,Tottenham Hale,True,1.9093870797276427,23.567772337926815
E05000286,11,Canons,True,5.61894964957279,1.957661250948624
E05000288,26,Greenhill,True,1.7448780615898944,14.900754713088302
E05000292,5,Headstone North,True,3.2932917863873885,1.518237776764021
E05000296,15,Marlborough,True,1.644723562887857,9.120073633323846
E05000301,23,Roxbourne,True,1.504302977804943,15.28947315756914
E05000306,19,Brooklands,True,4.196928899130216,4.52711981943216
E05000312,39,Harold Wood,True,7.579613339654992,5.145381202489571
E05000325,57,Botwell,True,4.362797976808103,13.065010184519743
E05000339,6,Townfield,True,3.4983085760026444,1.7151145674107235
E05000340,33,Uxbridge North,True,4.64116469064766,7.110284206569484
E05000341,24,Uxbridge South,True,3.1144752198878125,7.705953107844766
E05000342,16,West Drayton,True,3.4878391067923493,4.587367567741585
E05000345,46,Yiewsley,True,4.018101704718722,11.448192051977967
E05000347,50,Brentford,True,3.179994148819618,15.723299371025414
E05000358,35,Hounslow Central,True,1.7339341324680246,20.185311162992193
E05000359,12,Hounslow Heath,True,2.7818172802162584,4.313726888297682
E05000361,24,Hounslow West,True,1.6201449560745091,14.813489317739949
E05000364,38,Syon,True,2.851121103639385,13.328090466411247
E05000371,54,Finsbury Park,True,0.9152005548806891,59.00346073002519
E05000373,10,Highbury West,True,1.0812995516108548,9.24813108920891
E05000380,18,St Peter's,True,0.8105200054905148,22.207965106433942
E05000403,11,Canbury,True,1.2410044920084475,8.863787416431949
E05000426,43,Oval,True,1.2762561685747047,33.692295527175766
E05000427,19,Prince's,True,1.1624038634574985,16.345437758169243
E05000443,32,Evelyn,True,1.7740163883916797,18.038164815946907
E05000448,59,Lewisham Central,True,2.062019871873573,28.61272134414106
E05000451,21,Rushey Green,True,1.7852392616706758,11.763129150737825
E05000457,34,Colliers Wood,True,1.109881583903756,30.63389869071684
E05000474,36,Wimbledon Park,True,2.307537325770623,15.601047748156132
E05000475,41,Beckton,True,6.243529564692109,6.56679840708368
E05000476,9,Boleyn,True,0.9159937943712857,9.825394075051967
E05000478,83,Canning Town South,True,1.8066165949480892,45.94223269735043
E05000490,11,Plaistow South,True,1.382543406007471,7.956350558110837
E05000491,60,Royal Docks,True,4.724515980330291,12.699713631999483
E05000492,165,Stratford and New Town,True,4.235006995494033,38.96097460418763
E05000564,33,Sutton Central,True,1.3089279935016385,25.211470885971767
E05000571,13,Wandle Valley,True,2.0512437740613034,6.337618260876429
E05000604,8,Leyton,True,2.0297194504529075,3.941431412215563
E05000608,33,William Morris,True,0.9979463599031937,33.067909585041406
E05000614,24,Fairfield,True,1.4526924251687845,16.521047115125903
E05000620,33,Queenstown,True,3.201190953028427,10.308663395659346
E05000622,17,St Mary's Park,True,1.3955827134100987,12.18129161148793
E05000624,36,Southfields,True,1.5229659139647753,23.638086492875143
E05000625,42,Thamesfield,True,1.9194096884434013,21.881727623278316
E05000631,20,Bayswater,True,0.5175025819912569,38.64715017081383
E05000633,27,Churchill,True,0.6092340554540011,44.31794276483708
E05000637,47,Knightsbridge and Belgravia,True,3.5942759954752566,13.07634696366309
E05000639,24,Little Venice,True,0.6373303356675438,37.65708088390654
E05000645,24,Tachbrook,True,0.44292832955384814,54.18483849108199
E05000646,22,Vincent Square,True,0.683551368586044,32.184852537868466
E05000649,223,West End,True,1.999714041323537,111.51594447594343
E05009288,24,Aldersgate,True,0.09795562851012053,245.00889193437598
E05009302,66,Cripplegate,True,0.12716468948007212,519.0120014435518
E05009305,208,Farringdon Without,True,0.3299392853657055,630.4190171517536
E05009308,116,Portsoken,True,0.06288230342199212,1844.716139317358
E05009312,620,Walbrook,True,0.07474051119863737,8295.3673992439
E05009317,549,Bethnal Green,True,1.2121742833197833,452.90517011832077
E05009318,300,Blackwall & Cubitt Town,True,1.8793941279807727,159.62591110270256
E05009319,502,Bow East,True,1.8637614359824644,269.347777193048
E05009320,312,Bow West,True,1.3415786273477748,232.5618444122104
E05009321,258,Bromley North,True,0.6057913402518516,425.88921771767014
E05009322,244,Bromley South,True,0.6871808818747337,355.0739062098628
E05009323,438,Canary Wharf,True,1.6398793058611338,267.09282715778727
E05009324,129,Island Gardens,True,1.5062958420817971,85.64054709313527
E05009325,435,Lansbury,True,1.3138314550373187,331.0926971128455
E05009326,214,Limehouse,True,0.4955127150542103,431.8759004531052
E05009327,455,Mile End,True,1.2136084705783425,374.9149837287892
E05009328,101,Poplar,True,0.7095782052982571,142.33808091321893
E05009329,254,St Dunstan's,True,0.678178699946112,374.5325531754135
E05009330,288,St Katharine's & Wapping,True,1.489180436630944,193.39496606036437
E05009331,658,Bethnal Green West,True,1.082510027056183,607.8465635920151
E05009332,216,Shadwell,True,0.6419377045971001,336.4812480294615
E05009333,532,Spitalfields & Banglatown,True,0.9079640112016685,585.9263070305076
E05009334,202,Stepney Green,True,0.6474887829016854,311.97451652327953
E05009335,498,Weavers,True,0.6744811192599091,738.3453528639062
E05009336,468,Whitechapel,True,0.9586360004595357,488.19364156536744
E05009367,167,Brownswood,True,0.48194362285783426,346.51355901281914
E05009368,174,Cazenove,True,0.7407196081618102,234.9067016489588
E05009369,253,Clissold,True,1.0097028331315232,250.56877300753735
E05009370,399,Dalston,True,0.5343777568154828,746.6628146683361
E05009371,318,De Beauvoir,True,0.5926962744594974,536.5311268237623
E05009372,372,Hackney Central,True,0.7773315863125295,478.5602522144723
E05009373,340,Hackney Downs,True,1.0171488957591064,334.2676784270166
E05009374,308,Hackney Wick,True,1.631782116243199,188.7506897729084
E05009375,304,Haggerston,True,0.8663479923321245,350.8982564635045
E05009376,378,Homerton,True,0.8041780273013489,470.0451730427004
E05009377,688,Hoxton East & Shoreditch,True,1.0221027921609809,673.1221216462935
E05009378,416,Hoxton West,True,0.6473232854325259,642.6464324113394
E05009379,225,King's Park,True,1.9137235308666949,117.57184168504271
E05009380,368,Lea Bridge,True,1.0586847809914413,347.6011052651328
E05009381,461,London Fields,True,1.0161451345208474,453.6753504383798
E05009382,230,Shacklewell,True,0.43175855160447785,532.7051407442572
E05009383,292,Springfield,True,1.2114670152694431,241.03008692734082
E05009384,115,Stamford Hill West,True,0.6688585777266101,171.93470163883467
E05009385,253,Stoke Newington,True,0.9605828124220943,263.38176857658374
E05009386,328,Victoria,True,0.7600081899375434,431.5742966229807
E05009387,244,Woodberry Down,True,0.8797142812390958,277.36278153438747
E05009388,180,Abingdon,True,0.6010555017398679,299.4731759029844
E05009389,367,Brompton & Hans Town,True,1.0669517145318106,343.9705799254874
E05009390,282,Campden,True,1.0237440865984853,275.45946657135715
E05009391,181,Chelsea Riverside,True,0.6934153076339641,261.02683054055854
E05009392,298,Colville,True,0.48923047199210806,609.1198669342231
E05009393,277,Courtfield,True,0.6136610712609829,451.38923254624234
E05009394,141,Dalgarno,True,0.8888624020454795,158.62972680082558
E05009395,344,Earl's Court,True,0.4817730734533876,714.0291123664939
E05009396,258,Golborne,True,0.5579512370454548,462.4060005067816
E05009397,229,Holland,True,0.9815535721002275,233.30361837511253
E05009398,177,Norland,True,0.5193189673654461,340.83099428841894
E05009399,168,Notting Dale,True,0.5561902637453616,302.0549098948535
E05009400,237,Pembridge,True,0.3862255800116948,613.6310287703463
E05009401,234,Queen's Gate,True,0.5815015777839818,402.4064747884951
E05009402,350,Redcliffe,True,0.7176647182322643,487.69291719134833
E05009403,224,Royal Hospital,True,1.0109402569573298,221.5759026890297
E05009404,140,St. Helen's,True,0.4776614221318907,293.09463463713325
E05009405,260,Stanley,True,0.7235453951306013,359.34165534018706
E05011095,695,Borough & Bankside,True,1.1945093670099447,581.8288405219462
E05011096,264,Camberwell Green,True,0.9266148691084836,284.9080117330733
E05011097,85,Champion Hill,True,1.0492914883866686,81.00704231451567
E05011098,537,Chaucer,True,0.7497609209958638,716.2283135359124
E05011099,153,Dulwich Hill,True,0.997201434982504,153.42938210140503
E05011100,196,Dulwich Village,True,2.6171866243598365,74.88957729483337
E05011101,181,Dulwich Wood,True,3.0134223684563333,60.06459694952079
E05011102,357,Faraday,True,1.0999865266396078,324.5494297922115
E05011103,237,Goose Green,True,1.1541642427123187,205.34339154628745
E05011104,538,London Bridge & West Bermondsey,True,1.269228236773834,423.8796336327232
E05011105,292,Newington,True,0.7780923334422032,375.2767987164467
E05011106,417,North Bermondsey,True,1.124871009149311,370.7091716368068
E05011107,383,North Walworth,True,0.7951729723349034,481.6562098122869
E05011108,282,Nunhead & Queen's Road,True,1.3154152174781264,214.3809773925542
E05011109,271,Old Kent Road,True,1.6574722044661132,163.5019877074147
E05011110,264,Peckham,True,0.8542418795562758,309.0459579634882
E05011111,128,Peckham Rye,True,1.89005356250011,67.72294846008765
E05011112,291,Rotherhithe,True,1.5233079740897688,191.03162653230575
E05011113,546,Rye Lane,True,1.2702294885864536,429.843587246273
E05011114,194,St George's,True,0.5722755262873197,338.99754766482766
E05011115,282,St Giles,True,1.1195876331270378,251.87845208004538
E05011116,480,South Bermondsey,True,1.1995058880990657,400.1647718134064
E05011117,238,Surrey Docks,True,1.7085139455190814,139.30234554081485
E05011217,56,Barnehurst,True,2.126958167166745,26.32867955019344
E05011218,221,Belvedere,True,5.7497660534047395,38.43634644389301
E05011219,183,Bexleyheath,True,3.6217027944492495,50.52871822626426
E05011220,69,Blackfen & Lamorbey,True,2.904941009575574,23.752633796195823
E05011221,103,Blendon & Penhill,True,3.3700970606525895,30.562917965352298
E05011222,151,Crayford,True,5.1056658428110016,29.574986818343103
E05011223,174,Crook Log,True,2.6736220875492154,65.0802522953039
E05011224,143,East Wickham,True,2.813274319080056,50.83045013781705
E05011225,220,Erith,True,3.222244284227558,68.27539459899727
E05011226,155,Falconwood & Welling,True,3.2561378905767357,47.60240665746068
E05011227,82,Longlands,True,1.8843252709071887,43.516902981682115
E05011228,106,Northumberland Heath,True,1.7115356265165844,61.93268685603541
E05011229,117,St Mary's & St James,True,8.731876931814446,13.399181059654252
E05011230,178,Sidcup,True,3.9839791366160537,44.678948833851365
E05011231,181,Slade Green & Northend,True,5.5359090550003405,32.695623826498874
E05011232,198,Thamesmead East,True,5.138712369681114,38.531053259220855
E05011233,109,West Heath,True,2.3722019141886257,45.94887110917863
E05011234,194,Aldborough,True,8.490044884402627,22.850291446209493
E05011235,162,Barkingside,True,1.6275808045563933,99.5342286825225
E05011236,134,Bridge,True,3.447909733183369,38.86412649100333
E05011237,174,Chadwell,True,1.5542228072077466,111.95306052199898
E05011238,265,Churchfields,True,2.013638909551501,131.60254241363643
E05011239,165,Clayhall,True,2.5308897437010094,65.19446388791108
E05011240,201,Clementswood,True,0.8995192777510438,223.4526874204801
E05011241,182,Cranbrook,True,1.4890695583921116,122.22397467887431
E05011242,152,Fairlop,True,2.867668923680014,53.00472406170998
E05011243,184,Fullwell,True,2.766989715373236,66.49825945420272
E05011244,205,Goodmayes,True,1.8128376310496506,113.08238337997375
E05011245,172,Hainault,True,5.647000918753601,30.458645655393944
E05011246,278,Ilford Town,True,1.0624633908695957,261.656074354209
E05011247,247,Loxford,True,1.0914289476782881,226.30882250779942
E05011248,154,Mayfield,True,1.8591533599395622,82.83340326749928
E05011249,108,Monkhams,True,2.7929321793622424,38.66903779405824
E05011250,122,Newbury,True,1.7416772314761795,70.04742198794058
E05011251,250,Seven Kings,True,1.8138804332821394,137.82606362186488
E05011252,178,South Woodford,True,2.0377563792134925,87.3509717921738
E05011253,152,Valentines,True,1.8012454941963019,84.38605425509803
E05011254,106,Wanstead Park,True,4.735052273672561,22.386236491912094
E05011255,257,Wanstead Village,True,2.2987933093536053,111.79778493102779
E05011462,179,Addiscombe East,True,1.538421931706768,116.3529954369621
E05011463,285,Addiscombe West,True,1.3413955139586744,212.46529978240278
E05011464,172,Bensham Manor,True,1.4398644737670023,119.45568706894348
E05011465,396,Broad Green,True,1.952134369909895,202.85488852812844
E05011466,116,Coulsdon Town,True,4.515860699749143,25.687240531233353
E05011467,187,Crystal Palace & Upper Norwood,True,2.5793252938511615,72.49957981096382
E05011468,675,Fairfield,True,1.4674657521671683,459.9766631712891
E05011469,113,Kenley,True,5.190018677426498,21.772561338070506
E05011470,75,New Addington North,True,1.413243013051682,53.06942918334263
E05011471,131,New Addington South,True,2.4863045214407444,52.688638447268374
E05011472,230,Norbury & Pollards Hill,True,1.3390023111193488,171.76968112006455
E05011473,73,Norbury Park,True,2.2563528448853662,32.35309591116223
E05011474,83,Old Coulsdon,True,6.929013044484308,11.978617945606318
E05011475,164,Park Hill & Whitgift,True,1.985549334893062,82.59678927032691
E05011476,362,Purley & Woodcote,True,5.092328473171286,71.08732319746879
E05011477,136,Purley Oaks & Riddlesdown,True,2.449082366968131,55.53100289083487
E05011478,161,Sanderstead,True,7.526132609718874,21.39212904541339
E05011479,285,Selhurst,True,1.3061545787550282,218.1977574749614
E05011480,141,Selsdon & Addington Village,True,5.203381066230357,27.097765511559757
E05011481,93,Selsdon Vale & Forestdale,True,4.904060389686333,18.963877401588917
E05011482,133,Shirley North,True,3.1052512015217077,42.83067338797719
E05011483,90,Shirley South,True,4.546022904588792,19.797524537140646
E05011484,261,South Croydon,True,3.939341447777726,66.25472898452003
E05011485,229,South Norwood,True,2.138821573439388,107.06830473556079
E05011486,203,Thornton Heath,True,1.722513216805975,117.85105508590479
E05011487,307,Waddon,True,3.9154826930948654,78.40668036699758
E05011488,330,West Thornton,True,1.9688971587155433,167.60651948692094
E05011489,194,Woodside,True,2.1481085373635946,90.31201013618198
E05013496,208,Alperton,True,1.840983128753974,112.98311035624748
E05013498,339,Brondesbury Park,True,1.7282563053401496,196.15146141953704
E05013499,395,Cricklewood & Mapesbury,True,1.2423811580024176,317.9378546235417
E05013500,436,Dollis Hill,True,3.017378911491379,144.49627070022217
E05013502,209,Kenton,True,3.087186462134557,67.69918259342595
E05013503,584,Kilburn,True,0.9412297903560255,620.4648492682097
E05013504,142,Kingsbury,True,1.3506038930809472,105.13815392318683
E05013505,90,Northwick Park,True,2.520754216432176,35.70359990407322
E05013507,426,Queens Park,True,1.6445858506263662,259.0317798476445
E05013508,259,Queensbury,True,2.1522658634300122,120.33829295942007
E05013510,346,Stonebridge,True,3.9968222170690115,86.56877419324698
E05013511,92,Sudbury,True,1.6544764379477062,55.606715145560685
E05013512,94,Tokyngton,True,1.453354732017422,64.6779467731992
E05013513,271,Welsh Harp,True,3.5729850702685844,75.84694440932235
E05013516,152,Wembley Park,True,0.9955653412387517,152.67707070926255
E05013517,353,Willesden Green,True,1.470636906185189,240.03205584965016
E05013518,190,Central Greenford,True,3.187959033625762,59.59926021505592
E05013519,170,Dormers Wells,True,2.318259095483096,73.33088882568329
E05013520,251,Ealing Broadway,True,1.7479725590659627,143.5949315669595
E05013521,329,Ealing Common,True,2.384231332646527,137.98996577853285
E05013522,258,East Acton,True,1.7559223579299303,146.93132577009732
E05013523,205,Greenford Broadway,True,2.3481864348385835,87.3014156621222
E05013524,300,Hanger Hill,True,3.4196589869619083,87.72804573315828
E05013525,283,Hanwell Broadway,True,1.8529170384160485,152.732148354532
E05013526,159,Lady Margaret,True,1.7270845085110662,92.06266353293574
E05013527,392,North Acton,True,4.255834324272255,92.10884873133112
E05013528,202,North Greenford,True,3.2830903887456606,61.527395253097566
E05013529,149,North Hanwell,True,2.207478497601721,67.49782621297494
E05013530,150,Northfield,True,1.6724146625631073,89.6906750208188
E05013531,206,Northolt Mandeville,True,2.8107274610427355,73.29063484638857
E05013532,165,Northolt West End,True,3.5035339742600207,47.09530468727638
E05013533,244,Norwood Green,True,3.6572911122659115,66.71604543091112
E05013534,258,Perivale,True,3.404677197804697,75.77810905725686
E05013535,196,Pitshanger,True,2.1998036906021485,89.09885951975527
E05013536,395,South Acton,True,1.3124248441051085,300.9696149643793
E05013537,285,Southall Broadway,True,0.9797011663293972,290.9050328762972
E05013538,366,Southall Green,True,1.5551029646897203,235.35419088666302
E05013539,38,Southall West,True,0.8301716852702874,45.77366426033665
E05013540,192,Southfield,True,1.5124792367474218,126.94389141691289
E05013541,218,Walpole,True,1.5588060429970767,139.8506254061326
E05013542,68,Belmont,True,1.8485007464633487,36.78656886133331
E05013543,85,Canons,True,2.006810636404783,42.35576514198578
E05013544,114,Centenary,True,1.9765295498158784,57.676850827056725
E05013545,288,Edgware,True,1.686401001169327,170.7778872286632
E05013546,295,Greenhill,True,1.155707814526359,255.2548285060261
E05013547,130,Harrow on the Hill,True,3.4033255331757832,38.19793279624698
E05013548,208,Harrow Weald,True,4.872507869957544,42.68848928545956
E05013549,124,Hatch End,True,2.8859287607761837,42.96710358389084
E05013550,189,Headstone,True,3.1625275277834,59.76232565237754
E05013551,132,Kenton East,True,1.6499742511326856,80.00124844941291
E05013552,70,Kenton West,True,1.5158574113147802,46.17848583745449
E05013553,114,Marlborough,True,1.269746960529237,89.78166795727884
E05013554,81,North Harrow,True,1.4129068363557111,57.32862062506687
E05013555,170,Pinner,True,4.198823758690802,40.48752931059107
E05013556,153,Pinner South,True,3.0593119521352974,50.01124514066345
E05013557,91,Rayners Lane,True,1.1286462392348584,80.62756675793428
E05013558,84,Roxbourne,True,1.0891460037730047,77.12464601532608
E05013559,217,Roxeth,True,1.8808756353434173,115.3717959456577
E05013560,257,Stanmore,True,7.243005639335704,35.48250723487921
E05013561,157,Wealdstone North,True,0.9535480955009482,164.64822355658922
E05013562,167,Wealdstone South,True,0.8312547790489528,200.90110061209683
E05013563,89,West Harrow,True,1.1758628110899243,75.68910179028845
E05013564,199,Belmore,True,2.246285891325266,88.59068240979504
E05013565,107,Charville,True,2.658737612812884,40.24466328845306
E05013566,229,Colham & Cowley,True,4.597077893639959,49.814252727111864
E05013567,181,Eastcote,True,3.6159268877991466,50.056321827393646
E05013568,79,Harefield Village,True,8.704296728414574,9.07597735519631
E05013569,323,Hayes Town,True,3.8353868892198513,84.21575432399229
E05013571,128,Hillingdon East,True,4.574328328241561,27.98225024857476
E05013572,112,Hillingdon West,True,1.9968332207516808,56.088810440482916
E05013573,123,Ickenham & South Harefield,True,13.206105719082238,9.313873644239456
E05013574,199,Northwood,True,6.436623871224233,30.916829067743954
E05013575,183,Northwood Hills,True,2.870869295272738,63.74375883337268
E05013576,298,Pinkwell,True,3.1924275077061766,93.34589408237464
E05013577,184,Ruislip,True,8.644798824795654,21.284474483343388
E05013578,60,Ruislip Manor,True,1.7576740079256024,34.136022794586175
E05013579,214,South Ruislip,True,6.734836897158348,31.77508279232326
E05013581,231,West Drayton,True,3.4878019001472924,66.23082577890811
E05013582,268,Wood End,True,3.5588988433086666,75.30419149279432
E05013583,155,Yeading,True,2.505596156898576,61.861525279420455
E05013584,170,Yiewsley,True,3.2213066343940433,52.77361620433831
E05013585,140,Alexandra Park,True,2.419100569017554,57.872748984907574
E05013586,119,Bounds Green,True,1.1064580618498399,107.55039355133714
E05013587,200,Bruce Castle,True,1.4342602658580905,139.44470523301
E05013588,328,Crouch End,True,1.5758679315897792,208.1392694304684
E05013589,254,Fortis Green,True,1.9288463568329617,131.68493130632302
E05013591,101,Hermitage & Gardens,True,0.8487665774274741,118.99620306223746
E05013592,370,Highgate,True,2.7634912955656388,133.88860699279584
E05013593,239,Hornsey,True,1.3688213216067031,174.60277410017633
E05013594,171,Muswell Hill,True,1.274952931472606,134.12259839466407
E05013596,438,Northumberland Park,True,2.108620464265972,207.7187466510107
E05013597,194,St Ann's,True,0.6625102527265423,292.8256569639465
E05013598,184,Seven Sisters,True,0.6831732318297844,269.33139565082433
E05013599,324,South Tottenham,True,1.2866311774258736,251.82041729178175
E05013600,224,Stroud Green,True,0.9999005351008527,224.02228235372104
E05013601,300,Tottenham Central,True,1.000983641576062,299.70519750717006
E05013602,244,Tottenham Hale,True,1.0283081910710574,237.2829489434061
E05013604,234,White Hart Lane,True,1.3073625866055738,178.9863060159583
E05013605,196,Woodside,True,1.4847112429267384,132.01220165453506
E05013606,201,Bedfont,True,5.4041936382832,37.19333788784325
E05013607,135,Brentford East,True,0.8581566615221711,157.31393351948265
E05013608,120,Brentford West,True,1.4328699283198754,83.74800645073701
E05013609,329,Chiswick Gunnersbury,True,2.715426233956203,121.15961608011276
E05013610,315,Chiswick Homefields,True,3.259057711785786,96.65370418598606
E05013611,141,Chiswick Riverside,True,1.1944438869880791,118.04656672114328
E05013612,206,Cranford,True,3.148280765065655,65.432537747536
E05013613,257,Feltham North,True,2.4360327982381604,105.49940057698444
E05013614,239,Feltham West,True,3.1775160625710814,75.21598484276853
E05013615,187,Hanworth Park,True,3.0270921479862367,61.77545672813467
E05013616,234,Hanworth Village,True,3.8470979073673526,60.82507012672598
E05013617,214,Heston Central,True,1.6809012146582503,127.31265712334503
E05013618,182,Heston East,True,1.7998226592924638,101.12107382376597
E05013619,255,Heston West,True,3.6794783909718007,69.30330142057201
E05013622,193,Hounslow Heath,True,2.7799219569352918,69.42640944236136
E05013623,110,Hounslow South,True,2.0205853834391236,54.43966926692068
E05013624,206,Hounslow West,True,1.5930058115565375,129.31528466849466
E05013625,129,Isleworth,True,2.0703609723824252,62.30797514095134
E05013626,251,Osterley & Spring Grove,True,6.29521615201834,39.87154593881986
E05013627,278,Syon & Brentford Lock,True,2.4001220308399835,115.82744394988401
E05013628,255,Barnet Vale,True,3.5145494937005672,72.55552965097196
E05013629,256,Brunswick Park,True,3.0274251506163203,84.56030694859088
E05013630,420,Burnt Oak,True,2.538411400394569,165.45781347133703
E05013631,678,Childs Hill,True,2.930230700239462,231.3810990870422
E05013632,155,Colindale North,True,1.0466384876305086,148.0931590342196
E05013633,194,Colindale South,True,1.528730322350638,126.90269641652537
E05013634,377,Cricklewood,True,1.997215037292153,188.76284874719394
E05013635,210,East Barnet,True,3.8672052018516854,54.302781734842604
E05013636,264,East Finchley,True,2.4544420917645846,107.56008499275741
E05013637,300,Edgware,True,3.3405325446980467,89.80604020043074
E05013638,201,Edgwarebury,True,7.170851836215144,28.030142665183003
E05013639,388,Finchley Church End,True,2.995194836933231,129.54082159051524
E05013640,328,Friern Barnet,True,2.753599601707435,119.11680979203214
E05013641,237,Garden Suburb,True,4.266504199478121,55.54899020818726
E05013642,328,Golders Green,True,1.6383268764190484,200.20424783418173
E05013643,479,Hendon,True,3.346404718328241,143.13869370806214
E05013644,173,High Barnet,True,8.109377332017909,21.333327198495436
E05013645,262,Mill Hill,True,7.871900023144845,33.282943028960155
E05013646,310,Totteridge & Woodside,True,9.545933275586746,32.474561789868126
E05013647,99,Underhill,True,2.5398262872394834,38.9790437627143
E05013648,371,West Finchley,True,2.437399445431027,152.2114074061393
E05013649,394,West Hendon,True,3.1482970595352233,125.14702156414853
E05013650,211,Whetstone,True,2.3840110062368485,88.50630280145502
E05013651,224,Woodhouse,True,2.198997521784759,101.86459865502543
E05013652,344,Belsize,True,1.0010787319831524,343.62931606641035
E05013654,129,Camden Square,True,0.46587527773669857,276.89814455642284
E05013655,246,Camden Town,True,0.6043111648345301,407.0750539043221
E05013656,281,Fortune Green,True,1.0170442528610242,276.2908292431969
E05013657,192,Frognal,True,1.1534726614296908,166.45388002696345
E05013658,285,Gospel Oak,True,0.8041701380096686,354.4026152293825
E05013659,168,Hampstead Town,True,2.204740586841667,76.19944087873994
E05013661,240,Highgate,True,3.220175605285587,74.53009693200106
E05013663,177,Kentish Town North,True,0.5530513695500139,320.042603174484
E05013665,370,Kilburn,True,0.6561976589923252,563.8544955618738
E05013666,290,King's Cross,True,1.0763894062159367,269.4192253521887
E05013670,289,South Hampstead,True,0.80267010040553,360.04829363145535
E05013671,345,West Hampstead,True,0.8098084636920427,426.0266661416347
E05013672,243,Arnos Grove,True,1.77340131640297,137.02482216088708
E05013673,105,Bowes,True,1.2855600690234645,81.67646345748742
E05013674,398,Brimsdown,True,4.605998334525761,86.40906294226407
E05013675,201,Bullsmoor,True,1.805017880125759,111.35623763793184
E05013676,212,Bush Hill Park,True,2.271736319785204,93.32068962125187
E05013677,240,Carterhatch,True,1.8285592069577408,131.25087724083005
E05013678,212,Cockfosters,True,9.715773395803875,21.82018778778437
E05013680,333,Enfield Lock,True,3.2600836776493876,102.144617416723
E05013681,139,Grange Park,True,2.448874765274396,56.76076293122531
E05013683,193,Highfield,True,1.653911296154439,116.69307806818318
E05013684,261,Jubilee,True,4.008881390907335,65.10544327701538
E05013686,142,New Southgate,True,1.0847202240622418,130.9093320563478
E05013687,114,Oakwood,True,1.9240220861051203,59.250879095039416
E05013688,201,Palmers Green,True,1.4749032551523762,136.28012501690097
E05013689,268,Ponders End,True,3.4155861820042435,78.46383774826592
E05013690,159,Ridgeway,True,11.08816430585251,14.339614350418424
E05013691,282,Southbury,True,2.087311972260834,135.10198942353443
E05013692,178,Southgate,True,2.3571882426931117,75.51369753848473
E05013693,320,Town,True,2.073939023623992,154.29576103970183
E05013694,400,Upper Edmonton,True,2.2935026322324714,174.40572963748647
E05013695,333,Whitewebbs,True,10.424932362829646,31.942653286396347
E05013696,222,Winchmore Hill,True,2.1252959562994933,104.45604027146425
E05013697,263,Arsenal,True,0.8148752770097564,322.7487781505625
E05013698,242,Barnsbury,True,0.8988558892213822,269.231144727358
E05013699,515,Bunhill,True,0.8444593525613912,609.8576544127505
E05013700,229,Caledonian,True,0.8801377478704802,260.18654529256634
E05013701,242,Canonbury,True,0.8641009459674333,280.0598716265271
E05013702,362,Clerkenwell,True,0.9328610557694829,388.05350246012733
E05013703,362,Finsbury Park,True,0.8406606073346495,430.6137302516607
E05013704,243,Highbury,True,1.0826189837576972,224.4556983072322
E05013705,347,Hillrise,True,1.0114988750599874,343.05525053542056
E05013706,314,Holloway,True,0.7795530166341063,402.79492645126936
E05013707,401,Junction,True,1.0574199695490991,379.22491682372225
E05013708,330,Laycock,True,0.863258897129776,382.27234158513426
E05013709,223,Mildmay,True,0.9028736387460071,246.9891582057071
E05013710,301,St Mary's & St James',True,0.7522595977596039,400.12782940416423
E05013711,309,St Peter's & Canalside,True,0.6495943795579371,475.6814555727547
E05013712,391,Tollington,True,0.8180738338756293,477.9519693810953
E05013713,243,Tufnell Park,True,0.8461846525990966,287.1713629567895
E05013714,185,Bellingham,True,2.4409630200977355,75.78975940102225
E05013715,324,Blackheath,True,2.4367445855730456,132.96428436458612
E05013716,502,Brockley,True,1.686306753046324,297.69198225241865
E05013717,274,Catford South,True,2.3701659098153605,115.60372160670602
E05013718,215,Crofton Park,True,1.722098252858403,124.84769649068221
E05013719,481,Deptford,True,1.2961575274999935,371.0968688564766
E05013720,266,Downham,True,2.6696855395328636,99.63720298179544
E05013721,188,Evelyn,True,1.3035457001201673,144.22202457702036
E05013722,229,Forest Hill,True,1.8298024480067216,125.15012221644966
E05013723,182,Grove Park,True,2.4232408109559587,75.1060312194898
E05013724,317,Hither Green,True,2.151063179683868,147.36898618040036
E05013726,211,Lee Green,True,1.7951749655348916,117.53728970765269
E05013728,248,New Cross Gate,True,1.0905281116917118,227.4127529049051
E05013729,353,Perry Vale,True,1.983473938901702,177.97057630889
E05013731,312,Sydenham,True,1.834938644168377,170.03293324905874
E05013732,241,Telegraph Hill,True,1.5419774022140198,156.2928222255168
E05013733,160,Addison,True,0.37394906363495106,427.86575916176633
E05013734,144,Avonmore,True,0.47441477721942105,303.53186054615395
E05013735,173,Brook Green,True,0.6954582752055574,248.7568358416128
E05013736,242,College Park & Old Oak,True,3.4316690685201223,70.51962038529561
E05013737,315,Coningham,True,0.5786918050789928,544.3311918975625
E05013738,262,Fulham Reach,True,0.9129545476311947,286.98033289806216
E05013739,212,Fulham Town,True,0.4598653835718598,461.00447559969973
E05013740,216,Grove,True,0.5107680601657317,422.8925354688648
E05013741,178,Hammersmith Broadway,True,0.7596171427382484,234.3285715727138
E05013742,79,Lillie,True,0.4204669180200262,187.88636302710822
E05013743,234,Munster,True,0.7546089747929603,310.0943771099487
E05013744,169,Palace & Hurlingham,True,1.896595914207696,89.1070146961694
E05013745,145,Parsons Green & Sandford,True,0.7327596432680727,197.88207679302175
E05013746,164,Ravenscourt,True,0.8497212985850205,193.00445954820404
E05013747,155,Sands End,True,0.8527822879272623,181.7579963776413
E05013748,280,Shepherd's Bush Green,True,0.6012939671450096,465.6624135603118
E05013749,235,Walham Green,True,0.4810409976302747,488.52384964622
E05013750,56,Wendell Park,True,0.5666393058614214,98.82830121512164
E05013751,198,West Kensington,True,0.5544864163531356,357.08719665713113
E05013752,99,White City,True,0.5812975325006585,170.30865342592494
E05013753,114,Wormholt,True,0.6467011784532773,176.27925199186294
E05013754,140,Beddington,True,5.097855930682443,27.46252579587089
E05013755,176,Belmont,True,2.384907355285774,73.79741590796957
E05013756,140,Carshalton Central,True,2.170370265645985,64.5051225664164
E05013757,122,Carshalton South & Clockhouse,True,7.0138288161337945,17.394208384351415
E05013758,160,Cheam,True,3.926751209232321,40.74615158297232
E05013759,81,Hackbridge,True,1.0736566839113149,75.44311064587075
E05013760,74,North Cheam,True,1.6271069768701012,45.47949277578922
E05013761,65,St Helier East,True,1.113722359827565,58.36284009783533
E05013762,152,St Helier West,True,1.4474579141254054,105.01168877980308
E05013763,143,South Beddington & Roundshaw,True,2.88687201473131,49.534582506703
E05013764,121,Stonecot,True,1.5604268818785394,77.54288355653847
E05013765,161,Sutton Central,True,1.1392676099207988,141.31886011504585
E05013766,123,Sutton North,True,1.9908931634999207,61.78131617257166
E05013767,153,Sutton South,True,1.3958480917040643,109.61078136605552
E05013768,143,Sutton West & East Cheam,True,1.5766193515962779,90.70039629744298
E05013769,134,The Wrythe,True,1.3863081777071369,96.65960437572203
E05013770,142,Wallington North,True,1.6141650579822084,87.9711769857709
E05013771,172,Wallington South,True,1.7443205602499752,98.60572874022137
E05013772,108,Worcester Park North,True,1.3142266511383716,82.1776060517806
E05013773,90,Worcester Park South,True,1.3387036225791296,67.22921973319765
E05013774,210,Barnes,True,3.1003744624654934,67.73375362955444
E05013779,154,Hampton North,True,2.006084426800548,76.76646004655477
E05013781,164,Heathfield,True,1.8363838499630438,89.30594766627925
E05013782,223,Kew,True,3.5703055000593884,62.45964105768837
E05013783,264,Mortlake & Barnes Common,True,1.914484115762179,137.89615585026593
E05013784,165,North Richmond,True,2.725451491891376,60.54042806885375
E05013785,178,St Margarets & North Twickenham,True,1.9459616932436457,91.47148200193958
E05013787,135,South Twickenham,True,1.7509078503121853,77.10285836911955
E05013789,163,Twickenham Riverside,True,2.0170063084417116,80.81283599253078
E05013790,125,West Twickenham,True,1.5450068947964573,80.90578781298434
E05013791,113,Whitton,True,1.6940298993820189,66.70484389987587
E05013792,268,Abbey Road,True,1.2059779665032613,222.22628227368634
E05013793,585,Bayswater,True,0.6562754721225619,891.3939722719807
E05013794,342,Church Street,True,0.44084645719740545,775.7803072167069
E05013795,235,Harrow Road,True,0.4928128357788483,476.8544626655324
E05013799,232,Little Venice,True,0.6362841903057858,364.6169487387473
E05013800,325,Maida Vale,True,0.685763811373025,473.9241042032976
E05013803,129,Pimlico South,True,0.6476229721472828,199.1899693926588
E05013804,251,Queen's Park,True,0.5832323827716249,430.3601916052791
E05013807,213,Vincent Square,True,0.7147053946835388,298.02489471107646
E05013809,277,Westbourne,True,0.6398140844673754,432.9382655441128
E05013810,118,Abbey,True,1.3566951617154672,86.97606015694448
E05013811,83,Cannon Hill,True,2.2400962923422774,37.05197865097754
E05013812,153,Colliers Wood,True,1.1061283960109638,138.32028953579407
E05013813,206,Cricket Green,True,2.915276168416382,70.6622591134829
E05013814,105,Figge's Marsh,True,1.0687241186856173,98.24799325118204
E05013815,137,Graveney,True,0.9811260890161908,139.63546738154182
E05013816,126,Hillside,True,1.1145062491546949,113.05454778343827
E05013817,146,Lavender Fields,True,1.2140480097707722,120.2588355855603
E05013818,146,Longthornton,True,1.513076974662118,96.49211668996745
E05013819,113,Lower Morden,True,2.4812789394529124,45.54103055616751
E05013820,112,Merton Park,True,1.702640861143287,65.78016689015344
E05013821,81,Pollards Hill,True,2.143768778921906,37.7839255783614
E05013822,94,Ravensbury,True,1.5955315804608536,58.914534285086994
E05013823,152,Raynes Park,True,1.863499590893885,81.56696182964468
E05013824,127,St Helier,True,1.4023121784013077,90.56471301902627
E05013825,209,Village,True,6.659587623131207,31.383324588157052
E05013826,67,Wandle,True,0.8106015255048438,82.65466803590371
E05013827,138,West Barnes,True,1.9350267770505534,71.3168425557114
E05013828,195,Wimbledon Park,True,2.0133094227593773,96.85545490207822
E05013829,136,Wimbledon Town & Dundonald,True,1.4664269015146096,92.74243391166065
E05013882,239,Cann Hall,True,0.9947837302130402,240.2532256421367
E05013883,154,Cathall,True,0.8948255345107176,172.10058727727946
E05013884,185,Chapel End,True,1.6128913752525036,114.7008427464854
E05013885,120,Chingford Green,True,3.822148495398506,31.395954433604107
E05013886,90,Endlebury,True,1.6334047875574154,55.09963034612229
E05013887,170,Forest,True,2.137352723688295,79.53764398168296
E05013888,162,Grove Green,True,0.9105189123307892,177.92052181025517
E05013889,101,Hale End & Highams Park South,True,1.7892098821477578,56.44949818785941
E05013890,99,Hatch Lane & Highams Park North,True,2.728884521454931,36.27855969046913
E05013891,255,High Street,True,0.819303735617129,311.23988444642555
E05013892,174,Higham Hill,True,3.0452762852271067,57.13767280955385
E05013893,286,Hoe Street,True,1.0678453477949672,267.8290452738047
E05013894,200,Larkswood,True,2.1684876013368037,92.23017917036111
E05013895,308,Lea Bridge,True,2.486066544175852,123.89048906255407
E05013896,275,Leyton,True,1.960444722694572,140.27429430502931
E05013897,216,Leytonstone,True,1.3096511642990565,164.92941470838628
E05013898,72,Markhouse,True,0.750748904856294,95.90423580275754
E05013899,179,St James,True,3.104096204098267,57.66573850503422
E05013900,121,Upper Walthamstow,True,1.671113541963913,72.40680956830697
E05013901,263,Valley,True,2.198033739627246,119.6523944371304
E05013902,191,William Morris,True,0.9458357002977359,201.9378206382735
E05013903,154,Wood Street,True,0.7100884613818711,216.87438731268432
E05013904,212,Beckton,True,5.954146123635431,35.605441250165164
E05013905,209,Boleyn,True,0.7570969157298014,276.0544861004156
E05013906,273,Canning Town North,True,1.9069109468766625,143.1634762216599
E05013907,169,Canning Town South,True,0.7053029851592144,239.61333434857093
E05013908,219,Custom House,True,1.5495924058932344,141.32748661333392
E05013909,337,East Ham,True,0.9737524537004498,346.08385192698006
E05013910,198,East Ham South,True,1.8605969552853328,106.41745889003437
E05013911,155,Forest Gate North,True,0.8083492280062604,191.7488068644504
E05013912,298,Forest Gate South,True,1.240274120384564,240.26946551751078
E05013913,162,Green Street East,True,0.7629964618368982,212.32077486963485
E05013914,190,Green Street West,True,0.812747130220896,233.77504876376497
E05013915,211,Little Ilford,True,1.961283806243575,107.58259428253066
E05013916,195,Manor Park,True,1.3263636843573832,147.01850050612367
E05013918,231,Plaistow North,True,0.9891653746598983,233.53021235647682
E05013919,243,Plaistow South,True,1.1669605396106506,208.2332621813206
E05013920,276,Plaistow West & Canning Town East,True,1.2382645202843856,222.89260128087378
E05013921,70,Plashet,True,0.7064862209022389,99.08190411782476
E05013922,152,Royal Albert,True,3.545782060739108,42.867834908137596
E05013923,212,Royal Victoria,True,2.7529697070401347,77.00774892577098
E05013926,117,Wall End,True,1.423795314329636,82.17473313928342
E05013928,64,Alexandra,True,1.2835304381146102,49.86247158580064
E05013929,57,Berrylands,True,1.214468355567968,46.93411708808413
E05013930,116,Canbury Gardens,True,0.7730336825414846,150.05814445061375
E05013931,53,Chessington South & Malden Rushett,True,7.449929567314823,7.114161217379507
E05013932,122,Coombe Hill,True,4.185798242825243,29.14617306486683
E05013933,128,Coombe Vale,True,1.6857361585258956,75.93121815215173
E05013934,55,Green Lane & St James,True,1.3199749918376704,41.667456080686
E05013935,57,Hook & Chessington North,True,2.0497403691893386,27.808399959719384
E05013936,66,King George's & Sunray,True,2.3360735445549445,28.252535179740647
E05013937,119,Kingston Gate,True,1.0838769667014219,109.79105900013208
E05013938,246,Kingston Town,True,1.490245338880808,165.07349064064107
E05013939,86,Motspur Park & Old Malden East,True,1.5393633481954403,55.86725193945652
E05013940,159,New Malden Village,True,1.6728214962405834,95.04899378524772
E05013941,143,Norbiton,True,1.34961158213541,105.95641138003545
E05013942,53,Old Malden,True,1.7171261269863267,30.86552534904271
E05013943,136,St Mark's & Seething Wells,True,1.8130419050892002,75.01205549537968
E05013944,152,Surbiton Hill,True,1.678432031905734,90.5607120875877
E05013945,121,Tolworth,True,1.424970996791051,84.9140089675402
E05013946,87,Tudor,True,1.151710048868309,75.5398462360277
E05013967,183,Beam Park,True,2.0324406055714803,90.03953153580308
E05013968,76,Cranham,True,5.279695038199323,14.394770805913883
E05013969,177,Elm Park,True,4.116989874126835,42.992575986730984
E05013970,84,Emerson Park,True,3.5056686095073766,23.961192387720825
E05013971,280,Gooshays,True,7.7772145308627865,36.00260721738602
E05013972,50,Hacton,True,1.7987719014923755,27.796742854675916
E05013973,201,Harold Wood,True,9.06241302295391,22.17952321207312
E05013974,153,Havering-atte-Bower,True,10.859136904598444,14.08951755044272
E05013975,378,Heaton,True,3.2302215108381063,117.01983864937019
E05013976,125,Hylands & Harrow Lodge,True,2.947816739005264,42.40426426311055
E05013977,185,Marshalls & Rise Park,True,3.957412656441759,46.747715252505316
E05013978,161,Mawneys,True,3.0161872058391173,53.37864960381631
E05013979,182,Rainham & Wennington,True,18.74467827094423,9.709422448829903
E05013980,213,Rush Green & Crowlands,True,3.745711540520954,56.865030234115665
E05013981,141,St Alban's,True,1.0881676884676494,129.57561733757714
E05013982,165,St Andrew's,True,2.878922304669406,57.313113220312275
E05013983,212,St Edward's,True,1.8297371129026727,115.8636388282499
E05013984,106,South Hornchurch,True,2.9497666781390284,35.93504557007
E05013985,172,Squirrels Heath,True,2.9798295341288554,57.72142266194556
E05013986,156,Upminster,True,22.510998836369122,6.9299457182665725
E05013987,278,Beckenham Town & Copers Cope,True,3.0051707642909524,92.5072223193919
E05013988,178,Bickley & Sundridge,True,6.441809188378485,27.63198890167774
E05013989,86,Biggin Hill,True,8.65519499274381,9.936229059206541
E05013990,180,Bromley Common & Holwood,True,6.973073857601232,25.813580018772495
E05013992,133,Chelsfield,True,8.98793671770568,14.797611974503361
E05013993,230,Chislehurst,True,10.017346993244365,22.960171006865444
E05013994,172,Clock House,True,2.4362139836814687,70.60135158574344
E05013995,196,Crystal Palace & Anerley,True,2.0205399292115525,97.0037746675377
E05013996,66,Darwin,True,33.58450128615556,1.9651922009396336
E05013997,136,Farnborough & Crofton,True,5.5305841545231225,24.59053080112234
E05013998,159,Hayes & Coney Hall,True,11.8364232603881,13.433112056081256
E05013999,208,Kelsey & Eden Park,True,4.9638861304109705,41.90265339200665
E05014000,145,Mottingham,True,2.992080106466359,48.46126936462431
E05014001,211,Orpington,True,3.298871344720258,63.96126976509679
E05014002,392,Penge & Cator,True,3.0511930235570244,128.47433675074862
E05014003,150,Petts Wood & Knoll,True,4.796380385388593,31.273582982899157
E05014004,156,Plaistow,True,2.2537481418770993,69.21802711729399
E05014005,153,Shortlands & Park Langley,True,4.549363157668262,33.63108081229085
E05014006,258,St Mary Cray,True,8.826705524807933,29.229478572144167
E05014007,328,St Paul's Cray,True,8.638105966718912,37.97128690753803
E05014008,158,West Wickham,True,3.7277337423403556,42.385001430065664
E05014009,408,Balham,True,1.4462844959214984,282.1021736391105
E05014010,354,Battersea Park,True,2.0059709455532344,176.47314423209104
E05014011,323,East Putney,True,1.6383714218442447,197.14699346770388
E05014012,246,Falconbrook,True,0.8536566865539309,288.17205309204667
E05014013,218,Furzedown,True,1.5494049863830899,140.69917285402332
E05014014,370,Lavender,True,0.7836610669481514,472.14288881404894
E05014015,156,Nine Elms,True,0.9716544941376314,160.55089637438877
E05014016,159,Northcote,True,1.4287045887508731,111.28962645735943
E05014017,251,Roehampton,True,4.099916063505105,61.22076552596904
E05014018,305,St Mary's,True,1.282659078816088,237.78726946018983
E05014019,187,Shaftesbury & Queenstown,True,1.4271282826893883,131.03236917679402
E05014020,175,South Balham,True,1.5296454792499217,114.4055942203112
E05014021,137,Southfields,True,1.1410487341359359,120.06498574641849
E05014022,277,Thamesfield,True,1.8547158799985273,149.3490205088555
E05014023,223,Tooting Bec,True,1.144311908596505,194.87693724476642
E05014024,354,Tooting Broadway,True,1.628416061601437,217.3891601461269
E05014025,208,Trinity,True,0.9948541605955477,209.07587085476464
E05014026,156,Wandle,True,0.8312057369453222,187.67916662040784
E05014027,256,Wandsworth Common,True,2.787855570956894,91.82685167299805
E05014028,334,Wandsworth Town,True,1.573973455973598,212.20179967609477
E05014029,198,West Hill,True,1.683835828210539,117.58866077248179
E05014030,251,West Putney,True,2.5264774227935622,99.3478104080842
E05014054,101,Alibon,True,1.4327077184848034,70.49588600444976
E05014055,203,Barking Riverside,True,5.5585369259650035,36.520401448040694
E05014056,153,Beam,True,3.1857872387681447,48.02580603567263
E05014057,109,Becontree,True,0.9148683816903724,119.14282117675141
E05014058,159,Chadwell Heath,True,3.526813449722239,45.08318975944768
E05014059,74,Eastbrook & Rush Green,True,3.3664318562661113,21.98173115022662
E05014060,255,Eastbury,True,2.128489442719787,119.80327216195191
E05014061,137,Gascoigne,True,0.9544864595682269,143.53268045517748
E05014062,112,Goresbrook,True,1.606779002231206,69.7046699293895
E05014063,120,Heath,True,1.0794604827120868,111.16664474692618
E05014064,132,Longbridge,True,1.6461933751058864,80.18499041250818
E05014065,190,Mayesbrook,True,1.677082909571897,113.29195409218057
E05014067,165,Parsloes,True,2.1515267093693264,76.68972887088452
E05014068,64,Thames View,True,1.6056903101722106,39.858246384469986
E05014069,208,Valence,True,1.506283631391299,138.08820308820458
E05014070,214,Village,True,2.234049694586308,95.79016998528657
E05014071,211,Whalebone,True,1.690455348649774,124.81844029097432
E05014072,256,Abbey Wood,True,2.708905726161517,94.50310416034617
E05014073,201,Blackheath Westcombe,True,2.678846480713911,75.03229522373884
E05014074,108,Charlton Hornfair,True,1.334712242066277,80.91631783702267
E05014075,110,Charlton Village & Riverside,True,2.4014978857603704,45.80474571817973
E05014076,218,East Greenwich,True,1.3086518751458105,166.58364546011165
E05014077,104,Eltham Page,True,1.5184586907077096,68.49050332184449
E05014078,116,Eltham Park & Progress,True,2.550702043800278,45.47767556071433
E05014079,257,Eltham Town & Avery Hill,True,5.24802528103766,48.970800679753005
E05014080,221,Greenwich Creekside,True,0.6839996257221534,323.0995920014905
E05014082,357,Greenwich Peninsula,True,3.151146482708847,113.29209922767825
E05014083,156,Kidbrooke Park,True,1.8271172782811438,85.3803977743326
E05014084,163,Kidbrooke Village & Sutcliffe,True,1.2870526748407394,126.6459432362935
E05014085,85,Middle Park & Horn Park,True,2.211430639563639,38.436656560375894
E05014086,100,"Mottingham, Coldharbour & New Eltham",True,2.776785799354637,36.012860633053286
E05014087,305,Plumstead & Glyndon,True,1.7917327395405018,170.226280554665
E05014088,227,Plumstead Common,True,2.4500793759529356,92.6500595156067
E05014089,123,Shooters Hill,True,2.506625379059595,49.06995717331548
E05014090,112,Thamesmead Moorings,True,2.9081516167186234,38.51243496251196
E05014091,124,West Thamesmead,True,2.4208304874630695,51.22209119645832
E05014099,255,Clapham Common & Abbeville,True,1.079160698126635,236.2947431672283
E05014100,280,Clapham East,True,0.6291222960656626,445.06449978173384
E05014101,187,Clapham Park,True,0.9424906194915761,198.4104628021408
E05014102,389,Clapham Town,True,1.2446782641917022,312.53056407522126
E05014103,170,Gipsy Hill,True,1.0475366169850593,162.28549651016607
E05014104,331,Herne Hill & Loughborough Junction,True,2.0779336718857286,159.29286121034696
E05014105,284,Kennington,True,1.0225427813820078,277.738990652462
E05014106,225,Knight's Hill,True,1.6542769122819558,136.0110863722499
E05014107,161,Myatt's Fields,True,0.8184282934559876,196.718516805111
E05014108,175,Oval,True,0.7898641453929105,221.55708803942213
E05014109,230,St Martin's,True,0.8712840082002999,263.97821816457025
E05014110,185,Stockwell East,True,0.6184606982297607,299.1297596266525
E05014111,284,Stockwell West & Larkhall,True,0.9729462455609245,291.8969072502745
E05014112,226,Streatham Common & Vale,True,1.941884279016471,116.38180629098294
E05014113,153,Streatham Hill East,True,0.8412364115466386,181.87515174088205
E05014114,269,Streatham Hill West & Thornton,True,0.9146906667170157,294.08849328865233
E05014115,341,Streatham St Leonard's,True,1.467017732031146,232.44436147876112
E05014116,104,Streatham Wells,True,0.9489997252251393,109.5890728264723
E05014117,220,Vauxhall,True,0.8061350670149293,272.90712065739433
E05014118,455,Waterloo & South Bank,True,1.4871561661544752,305.95307362813827
E05014119,140,West Dulwich,True,1.4834959631428346,94.37167574315836
